id,type,size,locality,price
0,3,74,10,16000
1,1,27,3,12000
2,6,112,5,22884
3,8,148,5,30353
4,8,142,5,29220
5,1,40,9,11400
6,3,54,6,14000
7,3,89,9,23000
8,3,53,6,17500
9,3,54,4,14495
10,7,76,10,19500
11,3,50,10,17000
12,6,130,0,35000
13,6,98,2,33500
14,1,44,2,18000
15,4,65,8,15900
16,8,157,0,45000
17,9,167,0,50000
18,1,31,4,10000
19,3,45,4,14200
20,7,135,2,53000
21,5,213,4,27000
22,4,72,3,19900
23,3,44,0,13500
24,4,64,6,14500
25,4,75,2,18500
26,7,185,5,36200
27,1,30,5,11000
28,1,11,5,7000
29,1,38,4,10800
30,1,33,4,14000
31,3,36,1,16500
32,1,21,7,10000
33,3,50,0,14000
34,5,95,0,22000
35,3,40,4,12900
36,12,40,9,13500
37,5,79,3,19500
38,9,153,10,24000
39,4,49,4,12900
40,5,100,5,21000
41,6,83,3,24000
42,1,45,5,10000
43,3,55,7,15000
44,1,35,9,14000
45,3,90,4,18900
46,3,50,4,15500
47,1,26,10,9900
48,3,53,10,14500
49,6,67,4,17200
50,1,46,4,14000
51,3,50,10,12500
52,3,55,10,18700
53,3,60,10,13500
54,1,35,0,12900
55,7,135,0,53000
56,4,121,5,33000
57,7,180,5,58250
58,5,70,6,22000
59,3,64,5,20000
60,6,85,6,23000
61,3,53,2,20500
62,3,45,5,19000
63,4,72,3,22800
64,3,61,7,17500
65,3,72,10,19000
66,7,140,2,45000
67,5,72,2,29500
68,3,59,0,14000
69,4,48,5,16000
70,3,46,9,13000
71,4,93,0,22000
72,6,80,0,20000
73,5,116,3,54805
74,6,73,1,36400
75,5,173,5,33000
76,2,32,8,11500
77,7,135,3,92964
78,11,19,10,5600
79,3,80,6,18000
80,3,54,5,20000
81,1,40,10,13990
82,5,51,3,19000
83,3,37,3,14500
84,2,40,10,10000
85,5,65,5,19000
86,3,50,5,14500
87,5,58,6,16000
88,4,59,5,12900
89,3,55,0,16990
90,5,84,6,29000
91,7,135,3,92800
92,1,28,3,15800
93,3,65,6,18000
94,5,85,5,30000
95,5,55,5,16000
96,3,90,3,39952
97,2,46,0,11000
98,1,40,3,14900
99,5,87,2,45000
100,5,76,5,24500
101,7,97,10,29900
102,5,64,10,22900
103,3,56,3,17900
104,8,153,6,62000
105,1,41,5,19000
106,7.0,182.0,4.0,
107,1,53,6,14500
108,3,68,1,40000
109,5,84,6,29000
110,10,188,1,75000
111,3,68,9,17000
112,8,152,6,48000
113,3,42,2,20880
114,4,85,6,27000
115,6,96,1,45000
116,10,225,10,55000
117,5,85,5,18000
118,3,45,7,16000
119,3,90,6,25000
120,7,140,3,119855
121,3,62,5,16000
122,1,35,9,13900
123,3,68,2,22500
124,4,57,4,14000
125,5,95,4,20000
126,3,56,5,15500
127,3,64,5,19000
128,1,46,10,14000
129,1,38,4,15900
130,3,72,4,20000
131,3,64,4,17000
132,1,20,9,11000
133,1,26,2,9000
134,2,37,5,18000
135,4,85,0,19975
136,4,56,10,12500
137,3,50,10,13500
138,6,85,5,18000
139,4,55,4,16000
140,3,43,5,13000
141,4,50,8,13000
142,3,50,4,12500
143,3,46,10,13500
144,3,44,4,12800
145,4,80,2,22000
146,4,63,1,23780
147,3,40,7,13000
148,4,85,5,17132
149,5,95,5,18775
150,5,75,5,14874
151,4,80,5,15759
152,3,45,2,17000
153,5,73,1,36400
154,3,57,9,14000
155,1,30,0,13000
156,4,48,0,15500
157,3,54,6,14000
158,2,34,6,10000
159,2,34,6,9500
160,1,22,10,11500
161,5,68,7,24000
162,1,35,8,15000
163,2,32,10,12500
164,6,98,2,33500
165,6,110,1,37000
166,5,106,0,38000
167,6,122,1,31000
168,2,40,2,11000
169,8,93,5,19500
170,5,142,7,25000
171,12,140,5,27000
172,1,30,10,10500
173,3,50,7,16000
174,3,48,4,19000
175,3,68,10,14000
176,1,30,9,11000
177,1,28,0,9990
178,4,50,10,15000
179,3,48,5,14500
180,4,39,8,13500
181,1,29,4,11500
182,5,92,7,21000
183,1,38,10,13000
184,12,102,5,35000
185,4,43,7,13000
186,3,70,4,17600
187,4,55,8,16000
188,4,67,1,18900
189,3,42,5,14200
190,3,39,4,12900
191,3,39,4,14500
192,2,39,5,13500
193,1,40,9,11500
194,2,35,10,10000
195,1,17,8,9000
196,5,101,3,22000
197,3,69,3,12000
198,3,43,8,12500
199,3,59,4,21000
200,2,38,0,14000
201,5,116,3,54800
202,3,90,3,39800
203,5,63,0,18500
204,3,53,0,16900
205,4,55,9,13000
206,2,42,10,11000
207,3,43,8,12000
208,3,42,9,13500
209,1,34,4,13000
210,4,62,10,17600
211,1,45,5,13000
212,3,66,10,17500
213,12,150,0,50000
214,3,47,9,17000
215,1,38,10,14000
216,1,42,8,14500
217,5,91,2,23000
218,4,63,8,18000
219,6,98,2,33500
220,4,73,6,16000
221,4,56,2,19900
222,3,52,5,19000
223,4,77,7,16000
224,2,55,5,14360
225,3,51,0,16990
226,1,34,10,17000
227,4,75,0,21000
228,3,40,2,15500
229,4,64,1,27000
230,4,43,4,12000
231,5,81,5,18000
232,3,49,8,14000
233,3,55,9,14000
234,5,75,6,21000
235,1,30,9,12500
236,3,48,6,15500
237,3,52,4,15000
238,4,55,0,15000
239,4,70,10,15900
240,3,41,2,30000
241,4,71,2,35000
242,7,100,4,30000
243,3,57,5,17500
244,5,106,10,38000
245,12,352,4,80000
246,4,80,1,54000
247,1,51,2,18500
248,5,95,1,39000
249,5,102,1,30000
250,3,98,4,18500
251,5,140,2,45500
252,3,104,5,43000
253,6,118,1,53000
254,7,139,3,119800
255,3,58,5,15500
256,3,47,10,12500
257,3,65,5,15000
258,3,64,7,17900
259,8,146,6,35000
260,4,66,5,16500
261,5,101,3,33000
262,7,184,2,50000
263,6,80,3,22000
264,7,123,5,30000
265,7,104,5,26000
266,1,33,5,13500
267,3,55,5,16500
268,5,90,4,24000
269,5,65,0,21000
270,6,80,0,20000
271,5,60,0,20000
272,7,136,0,25000
273,5,105,0,35000
274,4,44,4,12500
275,3,48,9,19000
276,9,240,7,69800
277,3,49,9,15000
278,3,43,3,10900
279,1,30,10,13000
280,3,45,10,14000
281,5,118,5,49000
282,3,57,10,16000
283,4,53,4,14000
284,11,14,5,7000
285,3,45,5,14500
286,3,50,8,14000
287,8,90,1,30000
288,2,35,1,16000
289,1,35,4,11500
290,3,36,4,13500
291,4,52,6,17900
292,3,44,4,13500
293,3,50,3,13000
294,3,55,2,15000
295,5,54,3,19000
296,3,44,5,13000
297,6,84,5,18000
298,2,40,3,15000
299,3,45,5,12500
300,1,28,10,12000
301,7,173,3,139800
302,4,55,5,10500
303,3,59,9,17000
304,6,80,9,17000
305,5,90,6,22000
306,5,78,10,16000
307,1,32,9,11000
308,7,81,2,21000
309,1,40,9,11000
310,3,85,5,14900
311,3,32,3,13600
312,3,56,5,13500
313,7,120,1,29000
314,12,95,9,20000
315,4,58,4,13400
316,3,67,3,20000
317,3,61,10,17000
318,4,64,1,23000
319,5,98,10,36000
320,5,86,2,27000
321,,280,2,89000
322,3,61,3,27000
323,5,109,9,25000
324,8,148,1,33000
325,1,36,6,14000
326,1,30,0,11000
327,2,41,5,12000
328,4,80,2,22000
329,3,49,5,20000
330,3,54,5,20000
331,5,68,4,15500
332,1,30,0,12000
333,5,64,4,15000
334,6,107,2,38000
335,3,44,5,15000
336,6,74,6,17000
337,3,163,5,17000
338,3,45,10,11500
339,1,39,8,12900
340,3,51,10,18000
341,1,22,8,8000
342,1,44,4,14590
343,3,48,3,12500
344,6,136,10,33000
345,10,130,6,41000
346,3,57,8,17200
347,3,66,2,22000
348,3,120,0,19000
349,5,80,2,22000
350,3,57,0,22000
351,4,57,2,20990
352,5,60,3,20000
353,3,86,3,35000
354,1,33,4,14900
355,1,35,10,15400
356,1,38,5,12500
357,3,58,9,14990
358,1,37,5,12990
359,1,30,2,23000
360,6,100,6,23000
361,1,44,9,13500
362,5,75,10,19900
363,5,80,9,25999
364,5,122,8,29999
365,5,80,5,18000
366,3,55,9,15000
367,3,56,2,25700
368,5,86,3,25000
369,1,24,7,14000
370,3,59,9,16500
371,1,41,9,11500
372,6,108,2,38000
373,6,62,6,15000
374,3,62,10,15000
375,6,80,4,18000
376,2,41,8,12000
377,5,76,4,19000
378,5,80,8,18000
379,10,150,5,32500
380,7,130,4,20000
381,5,69,4,19000
382,4,59,0,14500
383,5,128,1,55000
384,,200,5,83000
385,7,195,7,75000
386,8,120,7,41500
387,3,92,1,47000
388,4,94,1,40000
389,8,90,1,30000
390,5,91,6,29000
391,6,94,5,42000
392,6,87,2,30000
393,6,107,1,45000
394,4,69,1,31000
395,5,84,5,26000
396,5,73,5,24000
397,2,50,5,18000
398,7,150,3,44000
399,5,128,1,55000
400,8,195,0,75000
401,4,56,2,19900
402,,280,2,89000
403,,200,5,83000
404,3,49,5,20000
405,6,65,4,14000
406,3,64,1,25000
407,3,60,6,17900
408,1,33,3,13999
409,5,79,8,19000
410,7,129,1,55000
411,1,31,0,10500
412,6,115,2,39000
413,1,28,3,15800
414,3,52,4,15000
415,3,93,0,25000
416,6,72,5,19000
417,5,85,3,35000
418,3,82,5,31000
419,1,40,0,12000
420,3,50,2,26000
421,3,46,6,11500
422,4,45,10,11990
423,,200,5,78000
424,5,85,1,29000
425,4,119,1,65000
426,6,104,4,57000
427,6,214,1,100000
428,5,119,1,47935
429,11,19,4,7500
430,7,84,9,22000
431,3,55,4,17200
432,3,62,0,18000
433,3,44,10,12000
434,5,80,2,22000
435,3,59,5,15800
436,4,54,9,13750
437,3,43,0,13750
438,3,42,0,13500
439,6,101,0,22000
440,2,50,0,15000
441,5,122,7,45490
442,3,59,4,16000
443,1,37,9,13300
444,3,60,5,18000
445,2,40,0,12500
446,4,63,0,18000
447,3,56,0,13500
448,1,25,1,13000
449,3,35,7,12000
450,2,39,6,20000
451,1,66,10,13500
452,6,78,5,12500
453,3,53,0,14000
454,1,27,8,11000
455,3,45,1,24000
456,3,62,8,28000
457,1,33,9,13900
458,3,50,0,12000
459,7,115,8,22000
460,1,29,8,8500
461,3,47,9,14500
462,1,28,0,11400
463,2,34,7,17000
464,3,67,10,21900
465,3,50,0,18000
466,3,58,6,23000
467,3,62,6,16000
468,5,90,0,25000
469,1,32,0,14000
470,7,85,8,28000
471,3,58,2,19800
472,3,68,9,14800
473,5,110,5,33000
474,3,64,5,20000
475,8,198,6,65000
476,3,62,10,16000
477,6,87,1,30000
478,3,47,2,28000
479,4,51,10,15000
480,3,56,5,13500
481,3,53,6,13000
482,3,75,3,19000
483,3,45,8,17500
484,3,35,1,16000
485,4,56,2,15000
486,1,45,3,15900
487,4,58,2,17500
488,3,50,3,13900
489,1,40,0,14000
490,3,71,3,22000
491,4,55,3,23000
492,3,56,9,18000
493,1,42,10,16000
494,5,85,0,33000
495,5,85,1,41000
496,3,56,5,14990
497,1,50,10,12000
498,4,49,10,14000
499,3,60,3,20000
500,10,196,2,50000
501,5,90,4,19000
502,3,53,0,16800
503,3,68,0,15000
504,3,46,4,12000
505,5,99,7,29900
506,6,115,5,31500
507,5,145,5,33000
508,1,20,0,11000
509,5,92,10,22000
510,4,78,3,17000
511,3,60,6,19500
512,1,35,8,17000
513,3,52,3,23000
514,5,120,0,16000
515,6,100,2,29000
516,5,117,8,37000
517,5,110,2,26500
518,3,62,5,24990
519,1,30,7,20000
520,4,80,2,22000
521,5,62,6,24000
522,4,54,9,15500
523,3,45,5,14900
524,6,78,5,16000
525,3,68,8,18000
526,3,79,5,15999
527,5,78,4,21318
528,3,71,9,16990
529,5,76,9,27000
530,5,88,5,30000
531,5,94,0,35000
532,5,72,5,19000
533,5,79,3,29000
534,8,240,1,60000
535,3,60,3,15000
536,8,105,8,21900
537,3,47,5,13000
538,3,60,9,15000
539,3,65,6,17000
540,5,80,9,25999
541,2,38,8,12000
542,3,52,7,14000
543,1,37,2,23500
544,1,50,6,22000
545,6,105,2,28000
546,6,100,1,30000
547,8,110,6,29900
548,1,17,4,8000
549,1,39,9,12990
550,2,51,3,14990
551,5,60,2,20990
552,2,38,3,15000
553,3,50,3,12000
554,7,110,2,60000
555,6,118,5,23000
556,4,100,2,25000
557,3,45,8,18500
558,4,43,4,13400
559,4,38,4,12990
560,6,110,2,24000
561,3,53,6,17000
562,3,56,5,19000
563,1,20,10,7500
564,4,51,10,12000
565,8,100,2,36000
566,5,107,2,55000
567,7,157,2,60000
568,1,43,10,12500
569,6,79,4,17500
570,5,83,4,16500
571,6,80,4,17000
572,4,67,4,17500
573,3,53,5,20000
574,6,75,10,22000
575,5,73,2,28000
576,5,71,0,20000
577,3,42,4,17000
578,3,54,9,15000
579,4,68,0,20000
580,1,30,10,9000
581,5,65,3,13000
582,4,50,10,13000
583,3,40,7,14000
584,7,90,10,27000
585,5,65,3,18000
586,4,55,8,16000
587,3,46,7,15000
588,3,50,9,15000
589,5,84,1,41000
590,1,30,4,10500
591,3,44,4,16500
592,5,130,3,30500
593,3,45,2,17000
594,3,67,10,20000
595,5,65,9,19000
596,3,50,3,12000
597,3,64,5,20000
598,5,86,3,35000
599,10,170,2,101500
600,5,113,3,24500
601,5,74,5,18000
602,3,52,0,17300
603,2,30,9,11000
604,6,70,4,22000
605,6,106,7,25000
606,3,45,2,15500
607,3,49,6,13000
608,4,78,10,15500
609,3,55,2,18000
610,1,40,4,14000
611,3,44,0,18000
612,3,56,0,18000
613,3,48,0,20000
614,5,69,4,17000
615,6,82,4,16500
616,6,80,4,18000
617,5,108,2,31000
618,6,60,4,16000
619,5,100,5,28000
620,9,145,5,55000
621,10,202,2,105000
622,1,26,9,10000
623,3,44,3,20000
624,3,54,6,16500
625,3,44,4,13500
626,4,54,6,16000
627,4,65,6,13000
628,3,45,1,30000
629,8,120,6,39900
630,3,48,3,12900
631,4,40,0,14500
632,3,40,10,13000
633,2,38,8,11500
634,8,142,2,87000
635,6,135,2,48000
636,7,150,8,65000
637,5,108,2,60000
638,7,137,6,59000
639,5,120,6,50000
640,8,168,7,76860
641,10.0,193.0,5.0,
642,5,100,1,55000
643,5,174,2,61000
644,7,150,6,50000
645,9,165,6,66000
646,10,202,2,105000
647,6,160,1,90000
648,10,182,4,55000
649,9,210,2,90000
650,10,170,2,101199
651,6,130,1,55000
652,6,73,4,20900
653,3,62,10,18000
654,8,120,9,26000
655,1,49,0,23000
656,3,68,0,20000
657,6,69,4,17000
658,5,100,0,29600
659,5,107,5,22000
660,4,57,3,13500
661,3,65,0,23000
662,4,50,10,13500
663,3,54,3,13900
664,3,57,0,18900
665,5,112,5,30000
666,1,32,7,12000
667,3,45,5,10000
668,6,70,6,20000
669,6,76,0,16000
670,3,48,0,19000
671,1,35,5,11500
672,5,58,4,15000
673,4,55,4,17000
674,4,54,0,15000
675,7,85,8,28000
676,5,113,3,24500
677,3,55,2,25000
678,8,124,0,25000
679,3,42,1,13000
680,3,40,2,20000
681,3,40,0,6900
682,6,98,2,33500
683,5,143,5,38000
684,3,67,0,35000
685,2,27,0,9500
686,4,64,0,15000
687,2,35,0,15000
688,3,50,0,9400
689,5,67,0,19000
690,4,45,0,14500
691,3,45,0,18000
692,1,13,4,7000
693,1,37,10,12000
694,2,40,8,10000
695,2,43,1,14000
696,4,80,6,19000
697,1,29,0,12900
698,4,50,10,13000
699,5,170,1,45000
700,3,50,0,19700
701,4,80,4,24000
702,2,35,1,13000
703,,200,2,42000
704,3,77,5,20000
705,3,111,1,20000
706,1,50,4,13500
707,1,20,0,11000
708,3,53,3,22900
709,1,30,9,11500
710,1,20,9,11000
711,3,40,4,9600
712,1,25,0,12500
713,4,63,5,15570
714,4,96,1,24000
715,2,36,4,11000
716,6,122,1,31000
717,3,50,10,13000
718,1,35,4,12000
719,2,37,0,9000
720,3,62,3,17000
721,3,61,0,16000
722,1,44,4,12998
723,11,30,4,5900
724,1,33,4,11000
725,1,27,4,11000
726,11,40,4,6300
727,3,60,10,16500
728,3,71,10,14750
729,5,62,9,16000
730,6,83,3,24000
731,1,20,0,13500
732,4,50,4,10800
733,1,30,10,11000
734,,209,5,83000
735,10,203,5,78000
736,4,55,2,26000
737,3,42,2,15000
738,4,52,1,18000
739,4,59,7,19500
740,1,34,5,12500
741,3,47,2,20000
742,1,47,0,21000
743,3,63,9,13000
744,7,90,3,29900
745,1,46,5,13000
746,3,50,5,18500
747,5,75,3,20000
748,3,45,10,14000
749,6,91,10,22000
750,3,45,10,14000
751,4,50,9,14500
752,7,135,3,89891
753,5,80,5,19000
754,3,53,6,16000
755,3,60,9,19800
756,3,67,5,22000
757,1,35,10,9000
758,5,122,2,45000
759,1,52,10,16000
760,5,80,5,18000
761,3,44,9,13500
762,3,65,5,15000
763,5,68,5,16500
764,4,55,6,10500
765,3,74,8,18000
766,1,51,5,27000
767,4,53,4,15000
768,7,134,3,89800
769,6,100,1,40000
770,1,29,5,12000
771,1,33,4,12500
772,3,41,0,17000
773,9,197,1,100000
774,10,220,1,95000
775,7,203,1,90000
776,8,136,1,44750
777,3,66,1,35000
778,5,90,8,34000
779,1,48,3,15000
780,5,85,8,36000
781,3,66,3,20000
782,3,52,1,23000
783,1,33,5,13000
784,5,85,8,37000
785,5,85,8,38000
786,3,44,9,11500
787,5,69,1,31000
788,1,35,4,16000
789,5,85,2,28000
790,5,75,2,38000
791,5,90,5,26000
792,5,56,2,42000
793,3,65,1,27000
794,3,86,2,44700
795,1,35,2,23200
796,7,144,5,50000
797,3,66,2,27000
798,2,45,2,21000
799,5,85,8,39000
800,3,46,5,14500
801,2,41,3,17000
802,3,50,1,18000
803,1,49,9,13000
804,3,52,9,18000
805,3,62,3,19900
806,1,29,10,10000
807,5,62,4,15000
808,3,110,5,45000
809,3,56,5,32000
810,8,142,9,32000
811,5,93,4,23900
812,7,128,6,36000
813,3,60,5,14990
814,8,129,6,40500
815,6,100,2,35000
816,5,140,8,27000
817,6,100,8,22000
818,3,42,8,14500
819,4,76,2,26000
820,6,90,2,34400
821,6,115,2,40000
822,4,59,3,15000
823,3,43,8,19700
824,2,40,3,13000
825,5,73,8,14500
826,3,60,5,19000
827,2,40,2,13500
828,3,50,1,22000
829,6,115,1,48000
830,5,63,4,17000
831,7,114,5,24000
832,7,111,9,24000
833,1,13,3,11900
834,1,48,2,17000
835,1,51,5,27000
836,3,67,5,38000
837,5,70,5,19000
838,3,64,2,36400
839,4,78,1,26000
840,3,51,5,14900
841,4,50,6,16100
842,3,62,5,16500
843,3,96,6,23000
844,4,68,6,19500
845,8,100,2,33000
846,4,82,2,21000
847,6,92,6,20000
848,10,220,1,95000
849,5,70,5,25500
850,5,102,2,32000
851,12.0,66.0,2.0,
852,5,80,2,52000
853,6,110,1,29000
854,8,200,1,35000
855,3,60,9,25000
856,5,94,5,40000
857,10,197,1,100000
858,8,203,1,90000
859,5,105,2,29950
860,8,136,1,44750
861,1,32,5,13900
862,6,70,4,24000
863,2,42,4,13400
864,4,71,5,28000
865,3,43,5,15000
866,6,115,1,52000
867,7,181,5,75000
868,3,80,1,32500
869,6,105,5,30000
870,6,75,5,17500
871,10,193,5,110000
872,1,48,1,23000
873,4,87,2,25000
874,6,98,2,33500
875,3.0,53.0,5.0,
876,5.0,81.0,5.0,
877,5,140,8,27000
878,3.0,45.0,0.0,
879,5,93,5,25000
880,1,35,5,12500
881,7,185,5,66000
882,5,77,5,29400
883,7,120,6,42000
884,10,189,1,90000
885,3,45,3,18000
886,4,105,1,37000
887,10,240,6,75000
888,4,96,1,24000
889,6,110,1,45000
890,6,85,4,20000
891,7,130,0,60000
892,8,152,7,34000
893,5,138,5,32000
894,7,229,5,37000
895,1,34,5,15900
896,1,35,5,15000
897,3,47,5,21000
898,3,53,5,19900
899,3,65,1,35000
900,5,73,5,26900
901,8,100,6,32000
902,10,240,6,54000
903,,269,6,90000
904,3,68,1,30000
905,6,90,7,25000
906,1,33,10,10000
907,3,51,4,18000
908,3,50,2,20500
909,4,86,2,22500
910,4,63,0,13500
911,5,113,3,24500
912,3,51,0,14800
913,6,100,0,39000
914,4,80,0,27900
915,4,89,0,18000
916,3,51,0,14900
917,2,55,4,13500
918,3,55,4,13500
919,4,80,3,18700
920,3,47,4,12000
921,5,81,0,17500
922,5,138,0,21000
923,1,38,10,14000
924,3,42,4,12500
925,1,32,0,10900
926,3,58,4,13500
927,6,83,3,24000
928,3,58,5,17000
929,1,70,5,19000
930,3,50,4,18900
931,3,63,4,20000
932,3,71,7,28000
933,5,78,3,19701
934,4,68,0,15000
935,3,60,2,19500
936,5,95,10,22000
937,4,55,3,18000
938,3,54,6,13900
939,3,36,8,15000
940,3,46,10,19000
941,6,86,1,21000
942,8,105,6,25000
943,6,76,5,15000
944,3,65,3,18000
945,11,21,4,8000
946,1,52,5,20000
947,3,60,3,19000
948,5,82,8,28000
949,1,31,9,11490
950,3,51,3,18500
951,3,53,2,20500
952,5,70,5,21000
953,5,122,6,44000
954,3,56,2,18500
955,5,147,3,59799
956,6,91,2,29000
957,3,50,4,17900
958,5,78,6,27000
959,7,124,5,45000
960,1,23,0,9500
961,5,74,4,23000
962,5,117,4,80000
963,8,127,2,58000
964,5,91,6,38000
965,5,88,4,27500
966,4,67,3,17000
967,3,47,4,16900
968,1,26,10,11500
969,5,97,0,22000
970,3,55,9,14500
971,3,45,5,13500
972,5,113,3,24500
973,1,27,9,10000
974,3,53,4,12300
975,5,113,0,24500
976,3,89,3,39952
977,7,63,6,12900
978,3,52,3,11990
979,7,130,5,40000
980,7,130,5,40000
981,3,37,8,12000
982,5,82,5,17500
983,5,154,3,59800
984,5,127,2,59000
985,6,143,0,33000
986,4,43,4,14000
987,4,68,2,20000
988,1,46,2,16000
989,5,55,5,19900
990,4,55,6,12500
991,4,60,3,20000
992,11,17,9,5900
993,5,96,1,21000
994,4,82,4,17000
995,4,70,2,23000
996,2,36,0,8000
997,1,29,4,9000
998,1,27,10,9500
999,5,108,2,35000
1000,1,33,4,12000
1001,7,140,2,45000
1002,2,40,4,14000
1003,6,70,4,18000
1004,9,195,6,80000
1005,6,99,3,37500
1006,6,90,3,34000
1007,4,121,5,33000
1008,5,91,5,55000
1009,4,70,4,15000
1010,4,52,10,13500
1011,5,78,10,17500
1012,2,34,0,10990
1013,4,85,4,12000
1014,4,55,4,12500
1015,7,107,8,27000
1016,7,117,10,29900
1017,6,108,2,38000
1018,6,103,2,25000
1019,3,42,6,12000
1020,8,120,7,41500
1021,7,144,3,44000
1022,5,93,7,41000
1023,5,89,4,25000
1024,7,181,5,58250
1025,4,75,2,32000
1026,3,89,3,39952
1027,3,45,2,27000
1028,7,195,7,75000
1029,5,116,2,54805
1030,7,135,3,89891
1031,3,72,2,28000
1032,3,54,2,29000
1033,7,166,3,119855
1034,5,147,2,59800
1035,7,135,3,92964
1036,3,53,0,17500
1037,3,66,3,20000
1038,1,20,5,8000
1039,3,36,8,13000
1040,3,61,0,18000
1041,5,113,3,24500
1042,1,31,0,11500
1043,3,82,5,22000
1044,1,30,6,17000
1045,4,54,9,17000
1046,1,31,5,18000
1047,3,68,5,20000
1048,4,89,10,19900
1049,5,100,2,50000
1050,3,51,9,16900
1051,5,88,2,39000
1052,5,74,2,23200
1053,5,92,5,37000
1054,6,94,8,36000
1055,3,72,2,27500
1056,3,64,4,13000
1057,2,45,10,11000
1058,4,50,4,12900
1059,5,100,3,21990
1060,3,45,0,15000
1061,4,51,6,16000
1062,3,81,5,23000
1063,5,69,4,18500
1064,4,50,3,13000
1065,5,109,2,29950
1066,1,45,0,13950
1067,3,42,0,11000
1068,4,57,0,19900
1069,3,54,0,19900
1070,8,98,2,32000
1071,1,94,10,12500
1072,4,92,5,32900
1073,5,90,4,25000
1074,3,61,9,17000
1075,3,106,1,36000
1076,3,48,3,19500
1077,6,130,3,35000
1078,1,33,5,10000
1079,5,102,2,34000
1080,4,65,2,24000
1081,1,64,8,14900
1082,6,110,3,28000
1083,3,47,2,21000
1084,3,42,3,16500
1085,3,53,7,22000
1086,10,182,3,49900
1087,4,81,2,26000
1088,3,40,9,13000
1089,5,113,3,24500
1090,3,81,1,25000
1091,5,89,3,42000
1092,1,60,6,24500
1093,5,80,5,18000
1094,3,64,5,15500
1095,9,190,8,40000
1096,5,86,0,24990
1097,3,64,3,21000
1098,3,61,3,21000
1099,3,50,0,13000
1100,1,40,4,10500
1101,3,62,10,12500
1102,4,53,0,17000
1103,3,65,0,14990
1104,4,56,10,16800
1105,1,23,10,9000
1106,5,76,10,20000
1107,8,121,5,21000
1108,6,110,1,48000
1109,3,50,9,14900
1110,1,34,10,14000
1111,3,65,5,13500
1112,6,70,4,16000
1113,3,56,10,15400
1114,5,98,2,35800
1115,2,30,1,17500
1116,6,85,6,18200
1117,3,44,0,16000
1118,6,54,6,13000
1119,4,70,1,20000
1120,1,32,0,11300
1121,4,73,2,25500
1122,4,73,2,25500
1123,4,65,10,14000
1124,2,30,0,9600
1125,1,18,1,11500
1126,1,32,4,10000
1127,3,42,4,13500
1128,4,60,6,18000
1129,1,26,3,14000
1130,1,34,8,11500
1131,3,64,10,14220
1132,3,63,5,17000
1133,1,45,9,15500
1134,7,166,3,119855
1135,4,60,9,12000
1136,2,30,6,9000
1137,1,25,0,11000
1138,2,45,10,12000
1139,6,62,2,18000
1140,6,103,1,52000
1141,2,36,9,13000
1142,3,50,3,12000
1143,6,104,1,52000
1144,6,107,2,38000
1145,3.0,81.0,7.0,
1146,3,40,2,20000
1147,7,166,3,119800
1148,3,45,5,14000
1149,3,65,6,17500
1150,3,50,8,14000
1151,4,50,3,17000
1152,3,45,3,12000
1153,1,21,3,8000
1154,5,85,8,31900
1155,3,70,6,17800
1156,3,63,0,18000
1157,3,42,9,13500
1158,5,72,3,21000
1159,3,62,5,18000
1160,3,60,9,15500
1161,3,66,4,17000
1162,3,45,4,9500
1163,1,42,9,11000
1164,3,41,4,12000
1165,6,67,4,19500
1166,4,51,4,13000
1167,6,97,1,24000
1168,3,66,1,30000
1169,4,50,10,13000
1170,3,50,10,15000
1171,1,40,10,14000
1172,3,55,9,18000
1173,6,120,6,31000
1174,5,82,4,15000
1175,3,42,4,14000
1176,3,58,5,17500
1177,3,52,6,18500
1178,6,81,9,16990
1179,3,48,4,14800
1180,3,63,5,13500
1181,4,55,9,15000
1182,5,81,5,18000
1183,3,52,3,22500
1184,5,87,0,20000
1185,1,34,1,19900
1186,5,75,3,18900
1187,5,104,1,48000
1188,3,41,6,12700
1189,5,78,2,39000
1190,5,75,9,20000
1191,5,92,2,45000
1192,4,65,1,31000
1193,5,77,6,16000
1194,1,34,10,10500
1195,7,170,7,68000
1196,1,35,5,11500
1197,1,34,10,12500
1198,2,60,6,13990
1199,1,33,9,13000
1200,3,49,5,12500
1201,2,37,0,9900
1202,2,30,0,16900
1203,3,57,8,16000
1204,3,131,5,20000
1205,6,120,10,27000
1206,3,44,4,13000
1207,1,21,0,8000
1208,5,85,4,18000
1209,2,41,0,12500
1210,1,38,10,11000
1211,6,66,0,15000
1212,6,58,0,19999
1213,5,56,2,31500
1214,3,55,4,16000
1215,2,43,8,13500
1216,5,68,10,18000
1217,5,85,10,21000
1218,3,67,6,15500
1219,3,106,5,19500
1220,4,81,3,19000
1221,5,92,1,45000
1222,6,103,4,21500
1223,5,80,0,26000
1224,3,45,3,15000
1225,2,46,4,14500
1226,2,44,4,14000
1227,3,59,5,17000
1228,4,51,9,15500
1229,3,60,5,23000
1230,3,58,4,16000
1231,1,34,8,12500
1232,3,47,3,16000
1233,1,31,5,13500
1234,3,41,7,16000
1235,3,48,0,14000
1236,6,98,2,33500
1237,3,48,5,14900
1238,3,50,0,13500
1239,3,50,1,22000
1240,4,90,1,26000
1241,1,46,0,14000
1242,7,160,0,36000
1243,4,56,0,19900
1244,,300,0,89000
1245,3,42,9,15000
1246,3,41,2,13000
1247,3,92,3,22500
1248,3,52,1,27000
1249,8,120,7,41500
1250,3,51,5,20600
1251,3,53,10,14900
1252,1,35,10,11900
1253,3,55,7,18000
1254,3,47,7,16000
1255,5,76,5,20000
1256,7,200,3,119000
1257,1,38,9,14000
1258,5,95,0,24000
1259,3,59,9,14000
1260,3,58,5,23000
1261,1,65,7,15500
1262,6,78,5,15000
1263,4,59,8,13900
1264,5,120,0,25000
1265,5,69,6,17000
1266,7,200,3,119000
1267,1,30,4,13000
1268,5,88,8,39000
1269,1,33,10,14000
1270,4,75,6,18000
1271,5,70,9,25000
1272,6,80,4,16500
1273,4,65,10,14900
1274,5,92,1,45000
1275,7,135,5,34990
1276,5,103,3,29990
1277,4,80,8,18990
1278,1,28,9,9000
1279,1,25,0,9000
1280,3,74,1,35000
1281,2,37,5,18000
1282,5,111,8,22500
1283,5,65,5,18500
1284,3,60,4,16000
1285,8,132,7,41500
1286,3,52,1,27000
1287,5,140,8,28000
1288,1,35,3,17000
1289,1,21,3,14900
1290,5,95,7,23000
1291,3,60,0,25000
1292,3,45,4,13000
1293,6,109,10,21000
1294,5,80,6,25000
1295,5,87,0,26000
1296,3,90,3,22999
1297,3,52,5,21999
1298,3,60,10,24215
1299,3,71,3,20999
1300,1,53,3,16837
1301,1,43,3,16621
1302,3,52,2,16000
1303,1,35,7,15000
1304,5,118,8,26500
1305,2,36,2,15000
1306,4,70,2,21000
1307,4,62,4,19700
1308,1,23,5,9000
1309,3,88,5,26000
1310,4,45,4,14500
1311,4,64,4,17000
1312,1,56,4,13500
1313,1,34,8,10000
1314,7,72,4,17800
1315,3,51,4,25000
1316,7,107,1,45000
1317,4,77,0,38000
1318,5,69,1,31000
1319,8,174,0,89000
1320,4,76,0,41500
1321,10,202,0,90000
1322,6,104,0,48000
1323,4,135,0,56000
1324,7.0,75.0,0.0,
1325,5,146,4,80000
1326,5,88,5,25000
1327,3,46,0,14500
1328,1,25,5,10000
1329,3,40,5,15000
1330,4,67,1,18900
1331,4,60,2,22000
1332,3,48,9,13000
1333,3,60,2,26000
1334,1,38,9,11000
1335,7,142,6,59000
1336,5,81,2,28000
1337,1,37,2,18000
1338,4,88,1,24000
1339,7,164,6,70000
1340,2,52,4,14000
1341,6,68,6,19000
1342,3,69,8,20500
1343,7,155,6,50000
1344,5,67,2,31000
1345,3,64,5,20000
1346,4,48,6,14900
1347,1,38,2,18900
1348,5,64,0,17500
1349,3,55,8,15000
1350,3,45,8,15000
1351,3,46,8,14000
1352,4,65,3,16000
1353,7,79,0,20000
1354,11,20,9,5500
1355,6,106,2,38000
1356,3,57,0,20000
1357,5,72,9,19000
1358,8,200,1,35000
1359,3,82,5,17000
1360,6,100,1,29000
1361,3,70,1,35000
1362,3,54,10,15500
1363,1,22,10,9000
1364,3,40,9,11700
1365,1,34,9,12000
1366,3,30,5,13000
1367,3,51,8,18500
1368,2,35,3,14000
1369,3,50,3,17900
1370,3,36,3,16000
1371,2,45,10,14000
1372,3,51,8,18500
1373,3,59,0,18900
1374,3,56,1,26000
1375,4,58,4,18000
1376,8,133,6,40500
1377,2,40,2,21000
1378,4,54,1,19600
1379,5,72,8,18000
1380,7,110,5,20000
1381,3,44,2,18300
1382,4,75,6,15000
1383,4,52,2,14000
1384,1,30,9,12500
1385,1,30,0,11500
1386,5,84,7,21000
1387,3,43,7,13500
1388,3,51,10,12990
1389,6,167,2,60000
1390,3,90,4,17990
1391,1,45,9,13500
1392,4,55,10,13000
1393,6,60,2,16000
1394,3,42,8,12500
1395,1,38,9,9800
1396,4,54,10,14900
1397,4,75,3,19500
1398,3,54,0,16000
1399,5,102,3,22000
1400,1,30,9,10000
1401,4,66,10,15500
1402,5,140,5,27000
1403,12,19,0,7500
1404,1,33,4,10100
1405,3,40,3,15800
1406,4,55,10,14000
1407,4,73,0,19000
1408,1,32,9,13500
1409,7,120,3,45000
1410,3,63,3,20000
1411,1,19,9,14000
1412,3,47,0,11000
1413,6,86,0,21000
1414,1,55,8,21000
1415,5,63,10,16000
1416,1,28,10,12000
1417,2,43,5,12000
1418,5,57,10,14000
1419,12,164,2,28000
1420,3,60,9,17000
1421,5,79,5,27000
1422,3,45,9,10800
1423,1,21,0,12000
1424,5,94,2,27000
1425,5,83,3,21000
1426,5.0,129.0,4.0,
1427,5,140,1,75000
1428,5,138,4,130000
1429,4,75,1,25000
1430,3,73,2,27900
1431,3,66,2,24500
1432,5,102,1,30000
1433,3,58,5,32000
1434,1,41,9,12000
1435,6,95,5,29000
1436,4,53,4,13400
1437,2,51,3,11900
1438,3,42,2,32000
1439,7,125,6,29000
1440,5,65,5,17000
1441,4,48,9,21000
1442,1,30,9,10000
1443,2,40,8,12500
1444,1,30,10,7000
1445,4,75,0,22000
1446,1,30,10,12000
1447,6,115,0,40000
1448,3,50,5,14499
1449,2,35,9,9000
1450,1,18,9,6000
1451,3,54,3,25000
1452,1,55,8,16000
1453,5,65,4,17999
1454,3,70,8,19000
1455,1,45,5,12000
1456,7,157,8,45000
1457,4,67,10,13000
1458,3,71,7,28000
1459,1,40,6,13000
1460,6,102,7,25000
1461,3,65,6,16900
1462,6,73,10,15000
1463,4,59,3,15000
1464,4,75,2,24000
1465,3,32,0,11300
1466,4,57,6,13300
1467,4,73,2,25500
1468,1,24,5,11500
1469,4,62,9,15900
1470,5,103,9,27000
1471,3,47,6,18000
1472,6,100,2,34999
1473,7,128,2,51000
1474,3,40,4,15000
1475,8,167,6,65000
1476,7,136,5,21000
1477,3,40,10,12000
1478,1,36,6,10500
1479,3,68,2,28000
1480,2,40,4,13000
1481,5,86,3,25000
1482,3,49,8,13200
1483,4,55,10,14000
1484,4,75,8,17000
1485,3,43,6,13200
1486,5,83,5,28000
1487,7,266,3,80000
1488,1,32,10,11500
1489,3,56,10,17000
1490,3,54,5,13000
1491,5,72,10,27000
1492,1,20,2,11000
1493,5,70,9,14000
1494,3,43,0,13900
1495,3,57,5,21000
1496,3,45,8,11000
1497,7,70,3,24000
1498,5,125,9,35000
1499,4,63,1,20790
1500,6,102,10,24000
1501,8,115,1,33000
1502,3,41,5,13800
1503,3,47,3,15000
1504,3,78,3,23000
1505,6,83,3,24000
1506,5,75,5,22000
1507,1,35,8,11000
1508,6,112,6,35000
1509,2,40,6,13300
1510,5,89,5,29000
1511,3,56,9,14900
1512,3,58,9,21000
1513,3,81,1,25000
1514,3,51,3,18500
1515,6,160,3,30000
1516,6,73,9,15000
1517,5,132,1,45000
1518,1,41,6,12500
1519,3,53,5,14500
1520,7,200,6,51900
1521,4,68,10,15900
1522,2,40,8,12500
1523,3,54,0,18000
1524,3,69,10,20000
1525,5,80,8,18000
1526,3,65,1,35000
1527,5,85,0,24000
1528,3,40,9,14500
1529,9,247,8,48000
1530,6,117,1,30000
1531,6,145,2,35000
1532,3,54,2,16000
1533,3,44,2,15700
1534,5,94,7,26000
1535,,250,1,110000
1536,5,98,1,21000
1537,6,110,1,40000
1538,3,48,5,14400
1539,3,56,5,18200
1540,5,84,0,17900
1541,5,101,5,26500
1542,1,30,4,10500
1543,4,89,0,21000
1544,1,38,0,14500
1545,7.0,103.0,3.0,
1546,6,83,3,24000
1547,2,40,4,11700
1548,1,22,0,11000
1549,3,85,8,24000
1550,6,110,1,40000
1551,3,33,9,16000
1552,7,110,2,60000
1553,2,38,0,12000
1554,3,64,5,20000
1555,1,30,4,12900
1556,1,44,2,18000
1557,4,59,4,12500
1558,6,98,0,33500
1559,4,58,0,12900
1560,3,60,6,20000
1561,2,33,4,10000
1562,1,11,5,11700
1563,2,34,3,13900
1564,5,87,8,23000
1565,3,65,0,20000
1566,5,130,6,40000
1567,3,73,7,28000
1568,3,74,5,16500
1569,3,60,0,18300
1570,6,121,0,28600
1571,5,78,4,23000
1572,1,39,10,13000
1573,5,88,3,15000
1574,5,145,7,48000
1575,3,38,4,15000
1576,4,64,2,16500
1577,2,37,4,12100
1578,5,78,1,25800
1579,3,53,10,16500
1580,5,64,8,12000
1581,3,46,8,13500
1582,3,48,9,12500
1583,3,45,9,10500
1584,3,123,4,39800
1585,2,40,4,7000
1586,3,43,6,13000
1587,3,52,4,17000
1588,1,42,4,13400
1589,5,89,3,22000
1590,5,111,7,41000
1591,7,200,3,119000
1592,3,47,10,12000
1593,3,62,9,17500
1594,10,198,6,65000
1595,1,28,4,10000
1596,5,75,5,25000
1597,4,54,4,14500
1598,4,52,7,16500
1599,4,81,1,23500
1600,6,70,6,20000
1601,3,54,10,16500
1602,4,60,6,19900
1603,3,64,6,20000
1604,3,49,4,11000
1605,4,71,9,20000
1606,3,67,5,18000
1607,1,31,0,14000
1608,5,42,0,12000
1609,4,53,4,11800
1610,1,34,9,10990
1611,5,120,5,42000
1612,6,70,5,16000
1613,3,58,10,18500
1614,1,44,0,14500
1615,3,53,5,15500
1616,5,91,0,23500
1617,1,46,4,13000
1618,3,56,0,18000
1619,7,100,4,30000
1620,5,70,5,20000
1621,5,78,8,18000
1622,2,45,6,13000
1623,1,42,9,11200
1624,1,46,5,13500
1625,3,50,4,20000
1626,3,48,0,15000
1627,7,121,10,29000
1628,8,79,0,17000
1629,8,120,0,39900
1630,3,44,2,18300
1631,3,65,6,24000
1632,12,40,9,13500
1633,3,71,7,28000
1634,1,35,6,11000
1635,4,47,6,15900
1636,6,67,9,16000
1637,3,47,8,16900
1638,4,67,5,18500
1639,3,46,5,17900
1640,3,62,4,18000
1641,3,50,10,15000
1642,6,70,8,17000
1643,1,27,6,12000
1644,11,20,0,8000
1645,2,41,4,13400
1646,3,55,2,26000
1647,5,78,4,18000
1648,4,53,4,12000
1649,6,108,2,36500
1650,4,65,10,13500
1651,3,45,5,14000
1652,3,56,5,13500
1653,4,45,7,16900
1654,6,83,4,19000
1655,4,47,5,15990
1656,1,32,10,11900
1657,3,45,10,14000
1658,6,104,1,35000
1659,2,38,3,11900
1660,3,48,3,16000
1661,1,37,0,13000
1662,5,84,0,20600
1663,3.0,77.0,4.0,
1664,1,23,1,10000
1665,5,77,5,20000
1666,5,95,5,26000
1667,5,100,0,27000
1668,3,60,0,17500
1669,4,80,0,23000
1670,2,35,0,13000
1671,7,142,2,87000
1672,6,118,6,32000
1673,3,60,6,30000
1674,5,100,6,45000
1675,5,112,6,35000
1676,3,50,8,20700
1677,5,75,5,17300
1678,1,31,6,12700
1679,6,105,0,53000
1680,4,80,1,44000
1681,5,103,0,52000
1682,10,192,1,150000
1683,6,105,0,50000
1684,3,58,8,12500
1685,6,79,5,22000
1686,1,44,2,18000
1687,2,40,2,16000
1688,4,56,0,10000
1689,4,57,0,14500
1690,3,55,0,23000
1691,2,44,2,14000
1692,8,95,0,21500
1693,3,57,5,22000
1694,1,31,10,11200
1695,3,65,3,18000
1696,9,227,6,55000
1697,3,45,2,17000
1698,3,45,7,16500
1699,3,43,5,13000
1700,3,55,10,17990
1701,6,120,1,31000
1702,2,55,4,12000
1703,4,55,10,11900
1704,1,31,7,12000
1705,12,75,1,25000
1706,5,71,5,24000
1707,3,57,9,15990
1708,1,25,2,11000
1709,3,64,4,15600
1710,1,33,8,12000
1711,4,60,2,22000
1712,3,60,5,17000
1713,3,52,4,14000
1714,3,45,5,12000
1715,7,194,7,75000
1716,3,60,3,18000
1717,2,35,5,15000
1718,5,100,5,28000
1719,1,27,9,11000
1720,3,84,3,22000
1721,6,80,6,23000
1722,5,139,3,35000
1723,5,83,3,30000
1724,1,25,0,14500
1725,6,74,4,19990
1726,9,201,0,45000
1727,3,40,5,18000
1728,3,48,0,14900
1729,3,60,0,22000
1730,3,45,6,16000
1731,3,48,7,15400
1732,4,75,5,20000
1733,3,43,8,14000
1734,3,68,8,23000
1735,1,35,2,11000
1736,6,130,10,18000
1737,3,58,5,18000
1738,11,15,0,7700
1739,3,60,5,17000
1740,3,58,5,20000
1741,1,35,2,11000
1742,5,97,8,19999
1743,6,81,6,18000
1744,11,20,4,10000
1745,1,43,0,13000
1746,1,43,4,13000
1747,7,125,2,31000
1748,1,31,4,15000
1749,3,59,8,23000
1750,4,55,3,13000
1751,1,34,8,10000
1752,5,85,5,24000
1753,3,56,5,13500
1754,1,33,8,9000
1755,1,43,5,12000
1756,1,37,10,10000
1757,3,49,0,14400
1758,3,60,10,15000
1759,6,107,1,37450
1760,4,126,1,30000
1761,3,45,1,15400
1762,7,166,3,119800
1763,1,52,5,13000
1764,3,46,5,15600
1765,3,36,10,14000
1766,3,50,5,14500
1767,5,68,5,16500
1768,3,48,7,15000
1769,1,44,2,18000
1770,1,37,5,11500
1771,6,84,9,20000
1772,3,44,5,16000
1773,2,38,4,13000
1774,5,80,2,41100
1775,6,76,10,18000
1776,1,30,8,10000
1777,1,33,4,12000
1778,1,40,9,9500
1779,7,126,3,46000
1780,3,47,9,12000
1781,3,76,5,25000
1782,4,110,10,16000
1783,3,58,10,18500
1784,1,37,9,12000
1785,1,49,8,16999
1786,4,55,0,16000
1787,3,67,1,22000
1788,1,35,4,10500
1789,2,31,7,14000
1790,3,65,5,23500
1791,12,184,8,45000
1792,1,35,5,11500
1793,5,100,10,27000
1794,1.0,34.0,4.0,
1795,3,92,6,35000
1796,3,36,5,13500
1797,1,30,5,10500
1798,3,55,4,18900
1799,3,107,6,33000
1800,3,67,3,28000
1801,4,58,0,16000
1802,5,78,9,14500
1803,3,40,7,22000
1804,3,48,10,13500
1805,1,35,6,10000
1806,3,58,5,16000
1807,1,30,0,10900
1808,3,47,5,13500
1809,1,38,2,13000
1810,7,135,1,45000
1811,3,71,6,21000
1812,3,50,2,26000
1813,5,93,7,41000
1814,3,60,0,17000
1815,3,40,7,22000
1816,4,64,0,17000
1817,3,60,0,18000
1818,3,51,10,14000
1819,1,40,9,11500
1820,1,39,4,18000
1821,5,70,8,21000
1822,8,146,2,58000
1823,3,63,4,20999
1824,3,65,6,18500
1825,3,47,2,14000
1826,6,200,3,119000
1827,4,68,5,15000
1828,3,40,4,15000
1829,5,79,3,33000
1830,5,95,7,23000
1831,4,56,2,19900
1832,11,21,3,7500
1833,,202,6,85000
1834,5,99,5,35000
1835,6,67,10,13900
1836,7,192,5,39600
1837,7,120,5,30000
1838,3,44,10,17500
1839,3,60,6,18000
1840,3,65,4,20000
1841,3,46,0,30000
1842,2,36,2,18000
1843,3,55,8,21000
1844,1,46,5,10000
1845,3,74,0,22000
1846,1,35,5,13000
1847,4,74,5,16500
1848,6,112,6,27000
1849,12,240,1,60000
1850,2,42,7,15000
1851,3,45,5,12500
1852,4,90,4,15000
1853,6,79,4,20000
1854,1,35,0,10000
1855,3,75,4,19000
1856,7,120,6,30000
1857,7,77,0,22000
1858,1,32,5,10500
1859,2,36,2,11000
1860,6,144,2,58000
1861,8,198,6,65000
1862,6,120,0,20000
1863,6,150,0,26000
1864,5,95,4,44900
1865,8,150,7,30000
1866,4,74,3,20000
1867,5,76,5,27000
1868,3,86,10,20000
1869,4,61,0,15000
1870,3,38,2,21000
1871,1,39,9,12500
1872,11,13,0,7500
1873,5,75,0,17500
1874,5,83,0,25000
1875,4,44,7,15000
1876,3,50,10,13500
1877,5,77,6,17500
1878,4,84,6,18500
1879,5,98,1,55000
1880,3,54,10,13500
1881,3,52,7,14990
1882,4,86,8,16800
1883,5,104,1,33000
1884,5,114,6,25000
1885,3,51,4,18000
1886,3,35,3,13000
1887,5,140,5,35000
1888,5,104,6,39000
1889,2,55,0,15300
1890,7,120,4,60000
1891,4,60,7,18000
1892,4,85,7,22500
1893,3,51,8,15000
1894,1,20,4,9000
1895,1,36,4,11500
1896,3,45,5,13500
1897,3,43,5,22000
1898,6,67,4,15000
1899,7,120,7,45000
1900,5,81,8,24000
1901,6,78,5,16500
1902,5,74,3,24000
1903,5,60,0,14500
1904,3,57,0,16000
1905,1,38,8,15000
1906,3,44,2,20000
1907,2,28,4,8000
1908,5,78,10,20000
1909,3,50,2,26000
1910,8,147,2,58000
1911,5,80,3,27000
1912,6,117,5,23000
1913,12,80,1,25800
1914,3,49,3,13000
1915,7,154,5,39600
1916,8,150,5,38500
1917,3,31,3,14000
1918,1,35,5,11500
1919,3,58,8,27000
1920,10,198,6,65000
1921,2,31,8,13000
1922,3,58,2,30000
1923,3,45,0,14500
1924,4,59,8,19000
1925,8,181,5,54000
1926,2,49,4,12000
1927,6,65,5,20000
1928,5,85,2,28000
1929,3,54,10,12500
1930,3,43,8,17800
1931,5,53,3,19000
1932,3,45,5,22000
1933,3,65,2,16500
1934,2,36,2,11000
1935,3,43,0,15999
1936,1,48,5,10000
1937,5,104,5,21000
1938,5,84,2,20000
1939,1,33,3,10500
1940,3,48,5,13500
1941,5,94,6,26000
1942,3,56,9,17000
1943,7,190,0,35000
1944,5,80,9,23999
1945,5,92,3,38999
1946,1,47,6,22000
1947,6,115,2,40000
1948,6,85,4,22900
1949,3,42,4,10000
1950,1,32,9,11500
1951,5,70,4,14500
1952,2,62,5,14000
1953,5,56,9,15000
1954,5,92,8,30000
1955,4,89,8,19500
1956,1,25,10,12000
1957,3,40,4,12500
1958,2,35,10,10000
1959,6,110,1,42980
1960,3,30,5,13500
1961,1,36,4,10000
1962,1,28,9,8000
1963,3,41,7,16500
1964,3,40,4,13000
1965,3,64,5,19999
1966,3,52,5,27000
1967,5,111,5,28700
1968,3,50,8,11600
1969,4,72,0,22800
1970,12,131,2,29999
1971,5,79,9,19000
1972,5,115,3,29000
1973,6,67,8,27000
1974,4,70,1,29500
1975,4,120,4,23000
1976,6,98,2,34000
1977,8,83,4,21000
1978,6,128,6,35000
1979,3.0,20.0,6.0,
1980,3,51,9,16000
1981,5,69,1,31000
1982,5,80,6,21000
1983,3,68,0,18000
1984,5,90,0,22000
1985,6,103,2,39000
1986,1,22,4,10500
1987,4,54,3,15000
1988,3,50,10,10000
1989,6,94,5,42000
1990,6,103,2,39000
1991,5,82,0,30000
1992,1,46,0,16500
1993,3,43,0,12000
1994,1,40,0,9500
1995,3,62,0,21000
1996,9,170,2,65000
1997,8,140,1,80000
1998,3,40,9,15000
1999,1,30,6,14500
2000,5,51,4,18000
2001,4,68,5,17500
2002,5,80,9,25999
2003,5,78,4,22000
2004,3,52,7,14000
2005,2,39,8,13000
2006,6,115,1,45000
2007,8,125,5,32000
2008,3,41,8,14500
2009,6,108,5,29000
2010,3,71,0,22000
2011,3,57,4,20000
2012,3,59,0,14000
2013,2,50,2,20000
2014,7,160,0,39000
2015,3,70,9,18000
2016,1,14,0,8000
2017,5,92,5,34000
2018,6,130,1,55000
2019,5,88,8,20000
2020,3,45,3,14000
2021,1,38,4,13500
2022,3,43,3,12000
2023,10,198,6,65000
2024,4,44,4,13000
2025,4,49,4,12900
2026,6,99,5,27000
2027,5,110,2,43000
2028,5,113,2,36900
2029,2,27,0,9500
2030,4,59,8,18000
2031,6,62,6,13500
2032,3,52,4,16000
2033,3,58,9,15900
2034,4,82,0,16000
2035,1,40,6,12500
2036,10,122,6,35000
2037,3,62,5,16000
2038,3,32,3,14000
2039,6,117,1,40600
2040,6,119,1,41650
2041,8,176,5,32000
2042,1,24,2,10000
2043,2,40,0,14500
2044,5,54,3,19000
2045,8,198,6,65000
2046,3,89,3,39968
2047,8,150,0,30000
2048,3,58,5,20000
2049,6,69,4,20000
2050,6,80,1,36000
2051,3,55,3,19000
2052,,270,6,90000
2053,3,45,0,12000
2054,3,44,4,12000
2055,5,81,5,25000
2056,6,76,10,18000
2057,7,115,6,30000
2058,8,198,6,65000
2059,3,80,7,20000
2060,3,50,4,12000
2061,5,64,0,18000
2062,3,65,9,16000
2063,3,55,0,14000
2064,3,89,3,39952
2065,1,36,10,10000
2066,6,98,0,33500
2067,5,85,1,41000
2068,1,38,2,28500
2069,6,98,2,29000
2070,3,67,5,16000
2071,3,90,1,35000
2072,5,93,7,41000
2073,3,48,3,19999
2074,7,142,7,38000
2075,3,55,10,18000
2076,6,82,4,17000
2077,1,37,7,11500
2078,12,203,6,65000
2079,5,116,2,32000
2080,1,33,0,15050
2081,6,108,1,50000
2082,4,70,2,24000
2083,7,95,8,28000
2084,3,58,9,13500
2085,3,42,3,22000
2086,3,55,5,25000
2087,10,198,6,65000
2088,8,154,6,65000
2089,6,98,2,34000
2090,1,49,5,19000
2091,9,130,5,35000
2092,5,72,8,19000
2093,3,73,1,26000
2094,5,83,1,31000
2095,3,71,1,26000
2096,10,183,2,120000
2097,5,81,5,22000
2098,3,43,4,12500
2099,7,169,3,46000
2100,10,183,2,120000
2101,5,81,5,22000
2102,3,43,4,12500
2103,7,169,3,46000
2104,3,52,10,15000
2105,2,40,3,14500
2106,5,103,10,23500
2107,5,80,6,21000
2108,3,44,4,13500
2109,4,80,8,19000
2110,3,55,2,14350
2111,3,52,2,14000
2112,3,49,0,12000
2113,4,60,1,16000
2114,4,67,0,19900
2115,8,198,6,65000
2116,5,72,5,26000
2117,1,23,0,10500
2118,4,80,5,19750
2119,5,71,10,20000
2120,2,40,6,19500
2121,3,40,0,13500
2122,3,57,4,18500
2123,5,63,9,18000
2124,7,110,10,45000
2125,5,106,4,40000
2126,3,59,8,24000
2127,3,40,3,15500
2128,5,75,9,18000
2129,3,53,5,14000
2130,4,59,8,18000
2131,10,240,6,75000
2132,5,74,10,19000
2133,4,50,6,15000
2134,1,33,9,10500
2135,1,20,1,15600
2136,4,70,0,21000
2137,3,68,4,15000
2138,4,48,10,13800
2139,8,93,0,25000
2140,7,134,2,71000
2141,3,49,5,17000
2142,3,55,5,23000
2143,3,63,3,20000
2144,2,36,4,11000
2145,6,91,2,25000
2146,6,78,8,23000
2147,5,76,6,21000
2148,3,43,6,12000
2149,3,62,10,20000
2150,3,49,8,18000
2151,6,105,2,28000
2152,3,41,8,13500
2153,5,67,8,16000
2154,5,92,9,26000
2155,3,47,8,15400
2156,5,68,9,15000
2157,2,35,5,7500
2158,6,118,5,23000
2159,5,138,9,21000
2160,4,55,10,11000
2161,4,75,2,24000
2162,3,48,10,16900
2163,3,75,6,18000
2164,11,23,3,11000
2165,3,58,5,16000
2166,3,51,2,20500
2167,12.0,550.0,2.0,
2168,10,183,2,100000
2169,4,55,7,18000
2170,3,45,0,24000
2171,4,55,7,18000
2172,4,80,2,22000
2173,4,65,10,15800
2174,5,112,4,23500
2175,5,69,10,18500
2176,12,160,2,65000
2177,6,110,1,40000
2178,12,227,5,55000
2179,3,60,3,23000
2180,5,75,1,35000
2181,3,56,5,32000
2182,7,168,7,80000
2183,3,83,3,32000
2184,8,131,1,89670
2185,8,130,1,45000
2186,6,100,2,29000
2187,8,146,2,58000
2188,5,104,1,35000
2189,5,106,1,49000
2190,3,49,5,19500
2191,5,99,5,35000
2192,7,126,2,71000
2193,6,115,2,40000
2194,5,110,1,72600
2195,10,220,1,95000
2196,2,38,10,13000
2197,8,186,6,33000
2198,3,51,4,19000
2199,2,45,6,13000
2200,5,105,1,55000
2201,3,60,8,22500
2202,4,80,4,25000
2203,7,98,7,38000
2204,6,108,7,38000
2205,4,52,4,16000
2206,7,100,9,23000
2207,7,185,5,36600
2208,1,40,6,14000
2209,3,35,2,22000
2210,7,135,8,29000
2211,7,112,1,39000
2212,4,57,0,23000
2213,1,18,2,9000
2214,5,100,6,35000
2215,5,100,3,22000
2216,6,90,3,35000
2217,5,140,1,73000
2218,5,94,2,50000
2219,10,110,6,36000
2220,8,160,1,38000
2221,4,42,2,17000
2222,1,42,1,23000
2223,5,86,3,19999
2224,1,30,9,9500
2225,3,43,3,20500
2226,3,62,4,14500
2227,1,37,5,12800
2228,6,130,6,40000
2229,9,343,2,175000
2230,7,110,6,30000
2231,3,54,7,19900
2232,7,96,8,34000
2233,7,108,3,32000
2234,3,180,5,18000
2235,3,57,7,14000
2236,5,87,10,23000
2237,4,68,6,14990
2238,4,56,3,13500
2239,4,56,2,19900
2240,5,66,1,17000
2241,3,55,5,10000
2242,3,56,5,15500
2243,5,94,2,50000
2244,4,90,1,26000
2245,3,27,2,20000
2246,3,66,0,23000
2247,5,86,4,18000
2248,6,89,4,18000
2249,3,55,4,21900
2250,6,100,4,22000
2251,4,52,6,17900
2252,7,116,2,45000
2253,12,94,5,39000
2254,1,34,10,6546
2255,7,126,2,71000
2256,7,107,1,45000
2257,5,128,1,55000
2258,3,50,2,26000
2259,5,69,1,31000
2260,1,31,5,13000
2261,6,144,2,58000
2262,7,181,5,58250
2263,3,41,4,13700
2264,6,105,5,25000
2265,3,63,5,16500
2266,5,147,3,59951
2267,3,35,8,14000
2268,6,125,2,39000
2269,3,40,2,19000
2270,5,96,5,31500
2271,3,45,0,14500
2272,9,320,6,90000
2273,5,118,1,38000
2274,1,32,8,11500
2275,3,60,8,27000
2276,5,115,5,31000
2277,6,79,5,11000
2278,7,227,3,119000
2279,11,130,5,28500
2280,5,110,7,24000
2281,4,79,5,19000
2282,4,62,6,17000
2283,5,61,6,15000
2284,5,89,5,26000
2285,4,121,5,33000
2286,9,320,6,90000
2287,2,39,5,13500
2288,3,87,3,35000
2289,1,31,5,18000
2290,3,57,5,20000
2291,4,60,0,19900
2292,6.0,78.0,5.0,
2293,4,103,3,45000
2294,3,67,3,24000
2295,8,151,2,37000
2296,3,57,9,15000
2297,2,32,5,13000
2298,5,87,4,20000
2299,1,74,0,20900
2300,6,165,5,35000
2301,1,53,3,17000
2302,3,36,0,11900
2303,8,100,2,33000
2304,3,57,0,16500
2305,1,40,10,10000
2306,6,112,5,30000
2307,3,33,0,10000
2308,3,78,3,27000
2309,3,50,1,22000
2310,5,90,2,21000
2311,5,105,6,39000
2312,1,27,10,10000
2313,6,102,2,21000
2314,7,120,6,42000
2315,1,40,0,15500
2316,8,160,1,60000
2317,3,111,1,20000
2318,5,80,6,17000
2319,6,85,2,33000
2320,6,95,2,32500
2321,5,80,5,19000
2322,3,77,6,17700
2323,7,110,8,31000
2324,5,59,5,26000
2325,6,117,5,40000
2326,6,102,1,34000
2327,,241,6,64000
2328,3,73,2,29500
2329,5,80,2,52000
2330,8,150,1,79000
2331,7,127,2,59000
2332,4,48,1,19500
2333,5,83,3,35000
2334,3,65,5,23500
2335,9,220,6,50000
2336,8,203,1,90000
2337,2,45,1,20000
2338,8,160,1,60000
2339,4,55,2,26000
2340,6,142,1,100000
2341,9,150,5,51000
2342,7,177,4,49000
2343,5,150,2,48000
2344,11,17,0,8000
2345,5,100,6,22000
2346,5,95,2,25000
2347,12,64,5,20000
2348,5,85,9,22000
2349,6,110,6,23500
2350,8,200,1,90000
2351,6,103,3,29990
2352,3,60,10,15500
2353,6,70,0,14500
2354,3,41,10,13500
2355,5.0,183.0,4.0,
2356,5,119,2,48000
2357,3,45,5,22000
2358,3,49,5,14500
2359,3,65,5,15000
2360,8,200,1,90000
2361,6,110,1,60000
2362,3,155,1,36000
2363,2,24,0,15500
2364,8,133,6,39000
2365,10,206,2,85000
2366,1,45,3,17000
2367,6,110,4,27000
2368,3,67,2,21000
2369,1,30,4,14500
2370,1,30,4,13500
2371,3,44,4,13500
2372,3,52,8,18000
2373,4,53,6,14500
2374,5,94,2,50000
2375,4,60,6,19900
2376,4,53,6,13900
2377,7,106,1,45000
2378,3,60,9,13500
2379,10,182,3,35000
2380,11,10,4,6800
2381,1,35,4,10000
2382,3,57,5,17000
2383,3,60,10,19000
2384,3,44,5,14500
2385,3,58,4,18900
2386,6,92,6,26500
2387,3,58,10,21000
2388,3,46,0,17000
2389,5,58,0,20000
2390,4,80,4,18000
2391,5,76,3,21000
2392,4,80,0,17000
2393,3,45,0,13250
2394,7,125,8,27000
2395,7,191,3,75000
2396,2,41,10,10490
2397,11,20,0,4100
2398,3,71,0,19800
2399,7,153,5,39600
2400,4,53,10,16500
2401,,205,0,
2402,3,46,3,21000
2403,5,73,1,36400
2404,3,89,3,39800
2405,5,75,5,30000
2406,9,286,5,108000
2407,5,94,2,50000
2408,3,53,5,16000
2409,5,91,4,18000
2410,4,70,7,28700
2411,1,31,4,12000
2412,6,90,0,22000
2413,5,80,5,18000
2414,5,88,6,30000
2415,3,44,8,14200
2416,1,28,5,10500
2417,3,48,10,13900
2418,12,233,1,98000
2419,3,48,8,18000
2420,4,85,7,15000
2421,3,51,7,13000
2422,6,90,8,26000
2423,3,70,6,20000
2424,3,50,5,35000
2425,3,56,0,18000
2426,3,50,5,35000
2427,5,86,8,35000
2428,3,76,1,20000
2429,9,220,6,50000
2430,5,78,0,17000
2431,5,77,6,25000
2432,1,19,9,11000
2433,3,52,4,15000
2434,5,58,5,23000
2435,3,56,8,23000
2436,1,48,9,14000
2437,2,37,3,13500
2438,3,54,8,18500
2439,3,60,10,25000
2440,3,48,3,15500
2441,4,68,6,19000
2442,5,86,8,20000
2443,6,135,2,48000
2444,4,56,4,17000
2445,5,74,3,17000
2446,3,65,4,15500
2447,3,49,6,15000
2448,4,46,10,15900
2449,3,70,4,14500
2450,1,30,5,24500
2451,5,123,1,45000
2452,3,60,0,17000
2453,3,60,0,17000
2454,3,64,1,17000
2455,4,55,4,17000
2456,5,55,10,17400
2457,1,20,7,9000
2458,5,54,6,16000
2459,4,83,2,26000
2460,3,46,5,14000
2461,1,18,5,14700
2462,1,33,10,13500
2463,7,144,10,44000
2464,7,194,7,75000
2465,5,93,7,41000
2466,3,56,8,25000
2467,9,130,6,35000
2468,4,80,7,22500
2469,8,110,8,25000
2470,4,80,7,22500
2471,3,50,5,17000
2472,4,47,6,15900
2473,3,58,10,17000
2474,9,320,6,90000
2475,1,47,9,13500
2476,5,77,3,32000
2477,7,168,2,45000
2478,3,61,9,17990
2479,6,98,2,33500
2480,5,78,7,26000
2481,4,63,1,20790
2482,3,45,3,17900
2483,3,62,1,30000
2484,3,61,9,13500
2485,3,64,5,27000
2486,1,19,9,11000
2487,4,78,2,27500
2488,3,40,4,12000
2489,1,35,0,13000
2490,5,85,8,33000
2491,8,110,6,29900
2492,1,25,5,11250
2493,3,37,9,13500
2494,5,98,0,38000
2495,1,34,9,10900
2496,6,117,7,28500
2497,4,82,3,22000
2498,1,27,0,10990
2499,3,53,9,16000
2500,1,39,10,10800
2501,4,54,3,16000
2502,3,56,6,15000
2503,5,58,8,15000
2504,1,48,5,16500
2505,7,116,5,44000
2506,3,72,6,20000
2507,6,80,8,19000
2508,5,121,10,38000
2509,3,64,1,30000
2510,1,28,0,11000
2511,3,66,1,30000
2512,3,52,4,12000
2513,12,220,6,50000
2514,3,87,5,19990
2515,5,92,2,31000
2516,4,68,2,20000
2517,4,58,10,15000
2518,5,74,10,19000
2519,6,98,2,33500
2520,10,202,2,105000
2521,5,80,6,17000
2522,5,62,8,17000
2523,6,136,10,33000
2524,2,38,8,12000
2525,7,116,1,53000
2526,8,115,2,38000
2527,4,77,4,17500
2528,6,98,2,33500
2529,6,65,4,18000
2530,8,204,1,60000
2531,6,98,2,33500
2532,4,65,8,26000
2533,6,150,1,33000
2534,1,16,5,13700
2535,5,111,0,41000
2536,8,240,3,80000
2537,6,98,2,33500
2538,3,43,4,14500
2539,6,98,2,33500
2540,3,45,6,15000
2541,6,98,2,33500
2542,3,65,10,12500
2543,1,34,9,11000
2544,1,27,4,10000
2545,1,70,0,24500
2546,3,62,5,19500
2547,3,49,5,20000
2548,3,55,9,15000
2549,3,50,2,26000
2550,7,197,6,70000
2551,5,108,6,40000
2552,3,64,3,26000
2553,4,70,5,15000
2554,3,53,7,25000
2555,6,111,2,25900
2556,9,222,6,72000
2557,6,92,2,38000
2558,4,80,4,18000
2559,3,32,6,13000
2560,1,63,0,13900
2561,1,14,5,13700
2562,1,11,5,11700
2563,3,51,2,26000
2564,5,94,2,45000
2565,3,58,5,17000
2566,3,52,9,15000
2567,5,95,3,23000
2568,1,30,5,13000
2569,5,93,4,20500
2570,6,108,7,39000
2571,7,94,7,39000
2572,1,35,3,14000
2573,,290,4,65000
2574,6,70,4,15000
2575,3,60,4,15900
2576,3,48,3,15900
2577,3,48,5,14500
2578,3,47,10,13000
2579,5,126,2,44500
2580,7,142,2,87000
2581,5,80,10,19000
2582,3,50,8,22700
2583,3,56,4,17000
2584,2,40,6,12000
2585,,280,0,89900
2586,3,58,5,17000
2587,3,50,8,22700
2588,4,65,8,14000
2589,1,25,10,10000
2590,5,80,8,21000
2591,2,35,6,13000
2592,3,55,4,20000
2593,1,32,5,14500
2594,3,34,6,20000
2595,4,56,0,19900
2596,7,135,6,45000
2597,5,100,6,40000
2598,1,46,2,16000
2599,3,41,6,23000
2600,4,59,5,12000
2601,9,225,5,65000
2602,2,37,4,13500
2603,6,75,0,16000
2604,10,307,1,150000
2605,4,85,0,37000
2606,3,61,4,15000
2607,4,70,4,12000
2608,1,32,5,11000
2609,3,80,8,18990
2610,6,74,5,16000
2611,1,72,6,20000
2612,3,45,5,12500
2613,5,68,2,28000
2614,1,20,2,12000
2615,3,74,3,26000
2616,4,81,0,15000
2617,3,48,2,20000
2618,3,115,3,55000
2619,12,300,2,89000
2620,5,82,5,17500
2621,3,51,5,17000
2622,11,16,0,6500
2623,3,41,7,12000
2624,3,50,9,16000
2625,3,63,5,21000
2626,2,35,1,13000
2627,3,82,3,23000
2628,3,72,7,28000
2629,1,100,5,22000
2630,6,122,1,31000
2631,1,32,0,12230
2632,1,38,5,13000
2633,3,48,5,25000
2634,6,120,5,38000
2635,4,81,0,15000
2636,6,75,0,16000
2637,12,180,0,65000
2638,1,35,2,10900
2639,3,48,4,20000
2640,4,80,2,23000
2641,3,85,4,17000
2642,1,24,10,11500
2643,1,50,3,17000
2644,1,28,4,14000
2645,5,76,8,16000
2646,1,41,4,13000
2647,4,70,5,19000
2648,7,124,1,56000
2649,6,121,1,54000
2650,7,120,1,53000
2651,3,77,2,24000
2652,3,41,9,14000
2653,2,50,2,14000
2654,9,186,6,90000
2655,4,75,4,18900
2656,3,63,6,17000
2657,7,185,6,80000
2658,3,65,5,16200
2659,3,55,1,22000
2660,7,105,6,50000
2661,7,197,6,120000
2662,4,69,5,20000
2663,8,136,5,29000
2664,9,150,10,50000
2665,7,140,2,45000
2666,3,60,6,17300
2667,5,95,2,20000
2668,4,80,4,18000
2669,5,80,6,21000
2670,1,30,4,9000
2671,3,49,0,19000
2672,6,79,4,18500
2673,3,78,6,38000
2674,6,83,5,14500
2675,3,47,10,14970
2676,3,45,5,12500
2677,1,38,5,11000
2678,,280,0,89000
2679,5,65,4,19500
2680,2,32,3,13000
2681,7,120,1,53000
2682,5,93,5,25000
2683,5,84,4,26000
2684,3,44,0,13500
2685,3,83,1,22000
2686,5,65,6,16500
2687,4,105,0,30000
2688,3,43,0,15500
2689,8,90,4,17000
2690,4,66,4,16000
2691,1,33,0,15000
2692,,260,1,99000
2693,4,50,10,13000
2694,1,25,0,9000
2695,,280,2,89000
2696,5,78,6,23000
2697,4,56,2,19900
2698,3,63,7,20000
2699,1,37,9,18000
2700,4,52,2,19900
2701,3,47,9,18000
2702,4,55,9,13000
2703,3,55,10,17000
2704,5,66,1,17000
2705,3,46,9,16000
2706,1,34,5,13000
2707,5,123,5,22000
2708,2,40,8,13500
2709,1,25,1,15000
2710,,260,1,99000
2711,1,59,1,25000
2712,5,86,9,21000
2713,3,49,8,19000
2714,11,20,0,7000
2715,11,15,0,7000
2716,3,47,0,19900
2717,5,90,2,18000
2718,2,40,1,29000
2719,3,52,3,19500
2720,4,52,4,13000
2721,6,113,2,35000
2722,1,37,3,15000
2723,3,46,9,14500
2724,3,57,1,26000
2725,6,63,6,19000
2726,4,60,6,14000
2727,4,80,2,23000
2728,3,45,5,13000
2729,5,73,8,18000
2730,5,86,7,29000
2731,5,65,0,25000
2732,3,74,0,20900
2733,5,82,6,35000
2734,4,65,8,18000
2735,3,49,7,15900
2736,5,127,4,25000
2737,4,54,4,14500
2738,4,73,5,12500
2739,4,156,8,17000
2740,3,46,8,16000
2741,6,79,5,17000
2742,1,33,8,9800
2743,3,66,6,19950
2744,3,57,10,14000
2745,5,70,0,15000
2746,2,38,5,12000
2747,2,36,8,15000
2748,5,85,5,18000
2749,4,70,0,15000
2750,4,54,6,22000
2751,4,56,2,19900
2752,3,46,6,14500
2753,4,56,2,19900
2754,1,30,9,11500
2755,3,45,2,27000
2756,7,130,0,55000
2757,3,50,3,17900
2758,2,43,3,15000
2759,,280,2,89000
2760,9,160,5,45000
2761,4,57,7,18000
2762,7,163,0,75000
2763,7,164,6,70000
2764,5,97,4,35000
2765,4,56,2,19900
2766,1,55,4,14400
2767,7,181,5,58250
2768,5,90,1,35000
2769,5,123,3,45000
2770,5,147,3,59823
2771,3,45,5,27000
2772,3,67,2,30000
2773,9,172,1,59000
2774,1,25,9,11500
2775,8,170,6,48000
2776,6,106,2,22000
2777,6,77,7,20000
2778,4,55,3,13000
2779,4,50,3,10000
2780,5,78,5,25500
2781,3,54,6,16500
2782,3,52,0,21500
2783,3,50,3,19500
2784,4,82,6,19000
2785,5.0,90.0,4.0,
2786,7,118,4,22000
2787,3,49,9,14000
2788,2.0,50.0,4.0,
2789,4.0,93.0,4.0,
2790,5,68,0,18000
2791,2,30,1,14000
2792,2.0,60.0,4.0,
2793,1.0,29.0,4.0,
2794,3.0,79.0,4.0,
2795,1,37,2,13400
2796,3,55,8,20000
2797,5,88,2,29500
2798,1,26,0,9000
2799,1,20,0,9900
2800,4,60,2,15000
2801,6,80,8,21000
2802,3.0,58.0,4.0,
2803,5,97,1,21000
2804,1,28,6,12500
2805,5,73,10,19000
2806,5,84,5,23000
2807,5,65,0,21500
2808,4,50,6,17500
2809,9,270,2,89000
2810,4,50,0,14000
2811,6,60,6,21500
2812,3,46,2,27000
2813,3,55,5,16000
2814,1,21,4,9500
2815,2,40,3,15000
2816,3,65,7,22000
2817,5,68,0,16000
2818,6,76,4,17000
2819,3,85,1,35000
2820,5,96,1,21000
2821,5,101,5,23000
2822,6,97,5,27800
2823,7,112,4,25000
2824,6,107,2,22500
2825,3,62,9,16500
2826,6,144,2,57000
2827,3,43,6,11500
2828,1,36,5,8000
2829,10,184,1,95000
2830,7,155,1,50000
2831,9,220,1,95000
2832,5,80,2,52000
2833,8,184,1,100000
2834,5,100,5,60000
2835,6,107,3,40000
2836,1,31,9,11000
2837,11,13,4,9000
2838,4,58,10,16000
2839,1,25,10,9500
2840,4,60,10,24000
2841,5,154,3,59800
2842,,200,5,78000
2843,6,87,2,30000
2844,6,73,1,36400
2845,3,41,10,10490
2846,3,45,10,14000
2847,3,53,9,14100
2848,3,47,4,16000
2849,2,27,5,9500
2850,2,47,6,14000
2851,1,18,9,6400
2852,3,54,8,14000
2853,9.0,397.0,8.0,
2854,3,57,5,13900
2855,5,156,5,39000
2856,10,200,7,60000
2857,3,63,0,17000
2858,7,181,5,58250
2859,3,58,7,27000
2860,5,100,1,27000
2861,7,130,1,35000
2862,5,68,2,28000
2863,3,135,3,80000
2864,9,200,1,120000
2865,10,210,2,101199
2866,9,204,1,100000
2867,1,40,9,11500
2868,5,80,2,23000
2869,1,52,10,13500
2870,3,55,5,17500
2871,5,87,4,19900
2872,6,120,1,31000
2873,6,87,2,27000
2874,1,34,5,9950
2875,9,250,0,89000
2876,3,37,8,12000
2877,7,106,6,40000
2878,3,65,1,21000
2879,3,44,4,13500
2880,6,65,2,20500
2881,3,42,2,18999
2882,3,53,9,20499
2883,3,45,1,21000
2884,3,46,4,16000
2885,3,47,9,15500
2886,6,124,6,37000
2887,6,82,2,26000
2888,3,62,0,17000
2889,4,78,0,24000
2890,6,104,4,57000
2891,8,200,1,90000
2892,3,71,6,25000
2893,3,43,6,21500
2894,6,85,5,20000
2895,1,17,8,9000
2896,3,52,5,13000
2897,3.0,55.0,9.0,
2898,11,30,6,6000
2899,4,59,2,22000
2900,3,55,0,16335
2901,3,47,5,17000
2902,3,55,0,18000
2903,8,136,0,29990
2904,3,55,4,18000
2905,5,74,0,25000
2906,5,111,5,23000
2907,8,194,7,75000
2908,3,56,10,12500
2909,3,60,2,17000
2910,3,45,10,12500
2911,6,130,5,48000
2912,1,30,1,16000
2913,5,160,2,35000
2914,9,137,2,52500
2915,3,79,3,32000
2916,6,110,1,42980
2917,10,207,2,85000
2918,5,92,1,71736
2919,7,140,1,50000
2920,1,33,4,10000
2921,3,57,5,17000
2922,5,95,9,30750
2923,3,53,8,12000
2924,5,82,6,33000
2925,5,80,2,25000
2926,4,63,1,23880
2927,3,55,4,16000
2928,8,170,2,55000
2929,3,80,2,24000
2930,1,28,8,8000
2931,3,94,1,40000
2932,4,60,3,17000
2933,5,85,2,38000
2934,3,48,2,22000
2935,4,66,5,16000
2936,4,50,10,14000
2937,7,112,1,39000
2938,5,119,2,40000
2939,3.0,51.0,1.0,
2940,5,124,4,68000
2941,1,37,9,14100
2942,3,60,6,18400
2943,6,110,1,45000
2944,7,118,7,39000
2945,7,150,0,45000
2946,3,56,0,16500
2947,6,100,5,18000
2948,6,58,6,15500
2949,4,70,5,16500
2950,11,21,4,8000
2951,3,60,5,15000
2952,5,70,7,15900
2953,2,35,10,8900
2954,3,52,9,13500
2955,1,27,8,15000
2956,3,50,8,14000
2957,6,110,1,29000
2958,3,48,8,12200
2959,3,61,3,21000
2960,5,92,6,22500
2961,3,44,0,13500
2962,3,60,0,30000
2963,4,63,1,20790
2964,3,44,1,15000
2965,3,65,0,17000
2966,4,80,6,30000
2967,7,131,9,35000
2968,4,65,3,22000
2969,10,202,2,95000
2970,4,74,1,24900
2971,5,80,5,19000
2972,,214,3,50000
2973,3,49,4,13900
2974,1,40,9,16000
2975,7,118,5,35000
2976,3,50,8,13500
2977,1,65,10,13500
2978,2,27,5,9500
2979,3,48,2,16000
2980,3,50,6,15700
2981,9,204,2,95000
2982,12,143,3,32500
2983,3,55,9,13500
2984,5,105,1,34000
2985,5,109,2,29950
2986,3,54,7,17000
2987,3,50,2,14800
2988,3,90,3,22999
2989,6,110,1,42000
2990,,211,0,42000
2991,1,27,8,11500
2992,3,60,5,16000
2993,1,38,10,12000
2994,3,72,1,21000
2995,2,37,9,12900
2996,1,34,8,13500
2997,4,50,6,12000
2998,10,172,10,50000
2999,4,54,0,13500
3000,3,105,2,55000
3001,3,50,10,19000
3002,3,42,9,13500
3003,4,56,3,18000
3004,2,50,2,14800
3005,3,37,8,12000
3006,1,29,4,12000
3007,6,98,1,32000
3008,,450,6,170000
3009,3,60,2,20000
3010,1,31,4,9999
3011,3,60,6,20000
3012,5,64,4,12000
3013,5,92,2,38000
3014,12,210,2,90000
3015,3,52,6,16490
3016,3,60,2,26000
3017,4,70,3,19500
3018,2,38,0,13000
3019,1,46,8,16500
3020,1,33,3,14000
3021,5,72,9,16000
3022,3,54,3,21800
3023,10,170,1,39000
3024,3,54,6,17000
3025,1,20,0,10500
3026,3,50,0,21000
3027,1,24,1,10000
3028,3,53,4,11300
3029,2,45,2,12500
3030,5,110,2,32000
3031,6,83,2,29000
3032,5,95,3,25000
3033,6,102,1,35000
3034,5,82,9,21500
3035,7,160,1,65000
3036,2,55,6,18000
3037,7,150,0,48000
3038,4,93,1,28283
3039,1,37,10,12900
3040,6,114,1,34816
3041,5,119,5,35000
3042,1,30,5,12500
3043,1,43,9,12900
3044,6,66,9,15500
3045,2,41,10,9900
3046,1,29,10,9000
3047,1,30,9,13500
3048,7,86,5,25000
3049,6,102,1,35000
3050,1,30,0,16000
3051,6,98,2,34000
3052,3,63,2,20900
3053,3,43,8,14000
3054,5,84,7,21000
3055,4,60,7,17500
3056,1,36,8,15000
3057,5,110,9,25000
3058,2,25,3,12000
3059,5,105,1,49000
3060,1,33,1,19800
3061,3,59,7,17900
3062,6,130,1,54500
3063,6,75,8,17000
3064,3,46,5,14500
3065,11,20,8,9000
3066,7,104,5,35000
3067,1,39,10,16500
3068,6,116,2,40000
3069,7,130,5,34000
3070,3,54,0,16500
3071,4,50,6,17500
3072,1,25,0,9450
3073,1,30,3,15000
3074,10,202,2,105000
3075,3,41,4,14000
3076,1,29,4,11500
3077,5,105,6,35000
3078,5,79,3,24000
3079,3,45,0,14000
3080,3,65,5,24000
3081,1,28,9,11000
3082,5,94,2,50000
3083,5,107,2,55000
3084,1,21,4,9000
3085,3,54,3,18500
3086,5,91,0,17000
3087,5,73,5,20000
3088,1,35,9,12000
3089,3,49,8,14000
3090,7,95,0,20000
3091,8,140,6,30000
3092,3,101,5,14500
3093,2,40,5,13500
3094,1,29,4,10500
3095,3,48,3,18000
3096,1,43,4,14500
3097,3,60,8,20000
3098,5,80,0,38000
3099,6,130,6,24000
3100,9,210,2,90000
3101,3,43,2,16700
3102,5,87,2,38000
3103,5,160,1,45000
3104,7,126,2,71000
3105,5,105,1,65000
3106,5,132,1,45000
3107,4,126,1,38000
3108,5,93,7,41000
3109,4,73,1,43000
3110,1,30,5,12500
3111,3,55,2,21999
3112,4,73,1,43000
3113,3,67,0,20453
3114,3,57,0,19999
3115,6,138,1,32000
3116,3,52,10,15000
3117,12,214,7,75000
3118,5,130,6,40000
3119,6,128,6,48000
3120,5,137,8,40000
3121,7,138,5,37000
3122,1,49,1,25000
3123,5,93,7,41000
3124,1,67,0,13999
3125,4,62,2,21000
3126,3,43,4,11700
3127,,200,5,80000
3128,6,119,1,43000
3129,1,27,3,16000
3130,7,115,10,39000
3131,5,62,10,15500
3132,6,81,0,16500
3133,1,35,10,13900
3134,1,30,4,10000
3135,3,78,1,24000
3136,3,65,0,17000
3137,6,94,5,39000
3138,3,50,4,14000
3139,3,69,10,20500
3140,7,110,0,29900
3141,5,85,9,20000
3142,7,92,10,26000
3143,1,42,5,12500
3144,10,139,8,48000
3145,3,74,8,23000
3146,4,80,2,23000
3147,2,35,1,17000
3148,5,92,1,58000
3149,4,69,1,35000
3150,8,90,1,30000
3151,3,75,3,10000
3152,3,80,5,24000
3153,3,81,1,25000
3154,4,63,5,19000
3155,5,85,10,22000
3156,5,120,6,15000
3157,1,31,3,14500
3158,3,63,0,19000
3159,5,69,1,31000
3160,6,72,1,25000
3161,2,50,4,9000
3162,7,105,4,17400
3163,6,100,1,29000
3164,9,220,6,50000
3165,8,200,1,35000
3166,7,120,1,56000
3167,7,120,1,55000
3168,7,120,1,53000
3169,1,54,0,15000
3170,5,120,3,31000
3171,4,84,7,25000
3172,4,45,2,18000
3173,7,141,5,29000
3174,5,69,5,18500
3175,1,44,0,18000
3176,6,85,4,23000
3177,9,172,1,59000
3178,1.0,45.0,5.0,
3179,12.0,99.0,5.0,
3180,3,77,1,75000
3181,6,76,6,23000
3182,7,120,1,54000
3183,4,80,2,22000
3184,4,55,10,12500
3185,5,97,1,21000
3186,4,121,5,33000
3187,4,121,5,37500
3188,7,110,2,60000
3189,3,81,3,23000
3190,3,65,6,22000
3191,4,127,1,60000
3192,1,21,6,9900
3193,7,174,2,50000
3194,4,57,2,20990
3195,9,228,4,39000
3196,6,144,2,58000
3197,5,82,3,23200
3198,3,65,10,15000
3199,1,36,5,17000
3200,4,105,2,30000
3201,5,75,5,15000
3202,2,40,10,14000
3203,3,51,8,19000
3204,3,50,8,14000
3205,5,93,2,39500
3206,5,81,6,21500
3207,3,50,6,17000
3208,3,58,10,16900
3209,1,48,5,25410
3210,5,97,5,40000
3211,5,83,5,30000
3212,5,93,7,41000
3213,1,45,6,16000
3214,3,54,2,18000
3215,12,195,7,75000
3216,7,195,7,75000
3217,4,50,2,21000
3218,5,76,6,21000
3219,5,70,8,20000
3220,3,61,3,22500
3221,2,40,5,10000
3222,5,134,5,42000
3223,,350,5,87500
3224,3,54,10,16200
3225,5,100,10,30000
3226,5,80,5,18999
3227,9,300,5,70000
3228,3,60,10,17900
3229,5,127,2,47000
3230,3,58,9,16500
3231,3,52,5,20000
3232,1,45,9,12500
3233,6,117,7,28500
3234,4,79,7,22500
3235,4,79,7,22500
3236,3,60,0,11000
3237,3,50,2,22000
3238,3,56,5,19500
3239,5,96,8,23000
3240,5,80,0,18000
3241,5,82,1,38000
3242,4,63,1,20790
3243,5,85,1,27000
3244,1,41,4,12000
3245,5,80,5,20000
3246,5,65,10,16000
3247,6,95,10,21000
3248,9,170,2,65000
3249,6,95,10,26500
3250,1,30,4,12000
3251,4,71,2,17000
3252,8,98,4,31000
3253,10,242,2,135000
3254,5,76,3,19000
3255,3,43,4,14500
3256,3,81,3,25000
3257,1,32,0,15000
3258,1,39,8,11500
3259,3,48,0,17000
3260,5,87,10,25000
3261,4,63,1,20790
3262,4,62,2,29000
3263,3,65,1,35000
3264,4,70,5,14500
3265,4,103,3,45000
3266,2,43,3,13500
3267,1,44,2,18000
3268,1,29,4,10000
3269,3,45,4,13000
3270,3,42,0,19500
3271,5,77,10,20000
3272,5,87,2,30000
3273,3,35,2,17000
3274,8,181,5,54000
3275,6,87,2,30000
3276,5,102,3,23500
3277,4,56,10,12500
3278,5,56,6,16000
3279,7,124,1,56000
3280,3,54,4,15000
3281,3,65,8,22700
3282,5,84,4,25000
3283,1,52,9,15000
3284,3,58,6,20000
3285,3,70,4,34900
3286,6,79,0,28800
3287,3,67,1,40000
3288,9,204,1,69000
3289,9,172,1,59000
3290,7,110,2,60000
3291,3,68,2,28000
3292,4,47,6,15900
3293,1,25,2,15000
3294,1,26,4,9500
3295,6,112,1,45000
3296,2,47,7,12500
3297,6,110,1,45000
3298,6,110,1,29000
3299,5,76,5,22000
3300,6,125,7,29500
3301,5,80,6,21000
3302,2,45,1,20000
3303,6,85,4,23000
3304,3,53,5,16000
3305,3,67,1,35000
3306,3,61,3,22000
3307,3,49,5,20000
3308,1,70,5,19000
3309,2,30,3,17000
3310,3,60,2,26000
3311,3,45,2,24000
3312,4,75,1,23000
3313,1,44,2,18000
3314,1,44,2,18000
3315,8,146,2,58000
3316,10,191,7,33000
3317,5,100,6,30000
3318,3,65,5,23500
3319,3,55,1,20000
3320,4,90,1,26000
3321,8,147,6,33000
3322,1,43,2,28000
3323,4,70,8,16000
3324,7,183,2,150000
3325,5,67,0,15000
3326,5,72,10,17000
3327,7,121,2,35000
3328,5,105,2,31500
3329,7,66,3,28000
3330,8,134,2,29000
3331,7,168,2,60000
3332,4,73,2,25500
3333,3,47,8,14500
3334,5,70,10,17600
3335,6,68,4,16000
3336,6,90,2,30000
3337,4,82,2,21000
3338,6,136,7,35000
3339,3,52,9,15400
3340,,300,4,65000
3341,6,83,0,35000
3342,5,90,0,18500
3343,3,56,5,14500
3344,1,34,5,10500
3345,2,35,10,11200
3346,7,120,10,80000
3347,3,44,0,15000
3348,3,66,0,16500
3349,6,78,0,22000
3350,3,85,10,16500
3351,6,126,5,37000
3352,3,89,1,75000
3353,5,68,4,17000
3354,3.0,55.0,1.0,
3355,3,70,9,19000
3356,5,100,5,30000
3357,5,79,5,23990
3358,1,34,3,15000
3359,5,60,2,20000
3360,3,48,3,21000
3361,6,100,5,25000
3362,6,108,2,40000
3363,3,50,2,22000
3364,7,120,3,50000
3365,7,146,3,40000
3366,5,80,0,18000
3367,5,120,1,33000
3368,4,52,10,14000
3369,1,31,5,11990
3370,3,45,5,12000
3371,1,19,3,12900
3372,3,53,2,20500
3373,1,19,3,12900
3374,3,53,2,20500
3375,3,48,9,15900
3376,2,38,1,29000
3377,8,90,1,30000
3378,2,35,1,17000
3379,1,46,4,14000
3380,1,36,9,14000
3381,3,98,5,20000
3382,3,58,5,17000
3383,1,25,10,11500
3384,3,45,0,12000
3385,3,53,2,20500
3386,6,115,1,48000
3387,7,168,8,39000
3388,3,81,2,32000
3389,4,45,0,18800
3390,5,82,6,29000
3391,6,74,2,29500
3392,1,28,8,12000
3393,6,93,4,19000
3394,5,102,9,18900
3395,1,17,4,9400
3396,5,72,0,25000
3397,10,194,1,69000
3398,3,41,0,19000
3399,3,95,5,32000
3400,5,79,9,22000
3401,,254,5,
3402,9,347,3,59999
3403,3,54,10,10000
3404,3,49,5,15000
3405,3,50,0,16500
3406,4,68,0,19900
3407,1,30,5,25000
3408,7,94,9,30000
3409,1,35,8,15000
3410,1,34,9,14000
3411,1,25,10,9000
3412,3,50,0,19000
3413,3,60,5,15000
3414,7,143,1,50000
3415,5,78,3,32000
3416,5,68,2,28000
3417,5,83,6,27000
3418,10,189,1,99000
3419,5,110,5,25000
3420,7,90,0,31000
3421,3,64,5,19000
3422,2,45,7,16000
3423,2,35,2,14500
3424,3,70,0,18000
3425,2,30,4,8500
3426,1,30,3,12499
3427,1,25,6,13000
3428,4,55,4,12000
3429,5,122,2,34998
3430,1,28,2,15000
3431,4,64,2,21000
3432,3,53,0,17000
3433,1,41,8,17700
3434,8,155,6,43000
3435,3,48,7,22000
3436,1,40,8,17700
3437,5,72,4,18000
3438,6,98,2,36000
3439,3,66,3,30000
3440,,200,5,78000
3441,4,63,1,20790
3442,10,178,6,65000
3443,1,45,6,16500
3444,1,50,3,18000
3445,4,53,3,14500
3446,3,50,8,22700
3447,5,80,5,25000
3448,10,103,6,39500
3449,3,57,6,22500
3450,3,35,4,12000
3451,5,84,2,24000
3452,5,84,2,24000
3453,5,110,6,42000
3454,1,38,8,17700
3455,10,206,2,85000
3456,3,56,6,18000
3457,3,46,0,15000
3458,4,56,3,14500
3459,1,50,5,17000
3460,6,115,4,27000
3461,4,58,5,15000
3462,5,64,2,20000
3463,3,71,6,25000
3464,7,160,1,55000
3465,3,52,9,15000
3466,3,87,6,34500
3467,8,154,6,43000
3468,8,90,1,33000
3469,5,100,2,43000
3470,7,150,3,64000
3471,3,45,5,23000
3472,5,75,0,25000
3473,8,143,6,43000
3474,1,66,7,15500
3475,3,52,4,17000
3476,9,130,5,32000
3477,4,63,0,20790
3478,5,96,3,29000
3479,3,37,0,12000
3480,8,145,5,35000
3481,3,60,10,13000
3482,1,35,0,14500
3483,4,58,4,11500
3484,7,137,3,93001
3485,1,32,6,11900
3486,5,84,6,23500
3487,1,27,4,15300
3488,4,78,7,30000
3489,6,81,4,18000
3490,4,55,2,20000
3491,4,80,1,54000
3492,5,105,10,35000
3493,4,88,3,14000
3494,7,136,6,29000
3495,12,92,6,35000
3496,1,36,1,22000
3497,5,115,8,40000
3498,1,38,5,12000
3499,5,69,9,18900
3500,4,68,2,20000
3501,7,174,3,49000
3502,6,80,3,26500
3503,3,55,5,21000
3504,7,107,5,37000
3505,5,93,2,39500
3506,,300,0,65000
3507,7,170,2,55000
3508,4,68,5,18000
3509,1,30,9,14000
3510,5,103,2,38000
3511,1,28,10,12000
3512,1,22,2,16500
3513,3,55,4,16000
3514,3,43,4,12500
3515,6,104,5,30000
3516,3,45,4,13900
3517,2,35,2,15000
3518,3,45,5,22000
3519,5,95,4,23000
3520,12,82,6,32999
3521,3,50,5,20000
3522,7,82,9,20000
3523,3,44,10,14000
3524,5,138,1,50000
3525,4,58,10,19000
3526,7,110,1,30000
3527,4,69,10,19500
3528,3,58,5,25000
3529,3,62,3,28000
3530,3,55,7,16500
3531,3,44,0,15000
3532,7,94,0,39000
3533,6,108,0,39000
3534,3,45,4,13000
3535,3,62,9,16000
3536,8,220,1,35000
3537,3,61,5,19000
3538,4,90,2,25900
3539,3,50,2,20900
3540,7,126,6,45000
3541,2,29,4,12000
3542,7,193,6,55000
3543,7,216,6,80000
3544,2,40,0,13000
3545,5,85,4,23000
3546,7,116,9,24000
3547,3,43,5,13500
3548,5,66,4,16200
3549,10,178,6,65000
3550,1,38,0,14000
3551,3,72,0,22000
3552,1,39,10,16000
3553,9,250,5,85000
3554,6,145,6,38000
3555,7,118,1,53000
3556,3,55,0,18500
3557,7,109,2,60000
3558,3,50,2,20900
3559,2,50,0,12000
3560,1,34,3,15000
3561,3,53,9,17000
3562,6,103,2,39000
3563,8,129,6,41000
3564,7,126,2,71000
3565,3,65,0,20000
3566,3,62,0,19000
3567,4,48,9,12000
3568,6,108,5,64000
3569,12,45,8,15000
3570,6,108,2,40000
3571,5,136,10,33000
3572,1,36,9,15500
3573,3,54,2,32600
3574,5,90,3,22000
3575,7,100,10,25000
3576,5,90,10,42000
3577,8,116,1,47000
3578,6,66,6,20000
3579,1,35,5,11500
3580,1,21,5,8500
3581,8,130,1,45000
3582,7,107,1,45000
3583,5,145,7,48000
3584,6,100,10,20000
3585,6,129,2,70000
3586,9,250,3,95000
3587,5,136,10,33000
3588,6,140,3,45000
3589,6,74,6,30000
3590,3,66,5,18900
3591,8,86,6,18000
3592,6,103,2,39000
3593,3,60,5,17500
3594,3,65,1,35000
3595,6,144,2,57000
3596,3,68,10,19900
3597,1,35,2,21000
3598,5,66,10,18000
3599,5,80,5,18000
3600,1,32,5,13000
3601,3,60,10,16500
3602,5,80,6,17000
3603,2,35,9,13000
3604,1,27,7,12500
3605,5,151,6,40000
3606,2,30,2,16000
3607,5,112,1,55000
3608,3,42,2,24000
3609,5,117,3,55852
3610,3,70,0,16000
3611,5,92,2,38000
3612,9,197,1,120000
3613,5,93,6,32000
3614,5,111,7,41000
3615,3,52,9,13500
3616,7,94,3,28000
3617,12,50,1,25000
3618,3,60,10,17000
3619,5,92,9,24000
3620,7,150,6,45000
3621,2,35,9,14500
3622,7,94,3,28000
3623,7,79,5,25000
3624,4,52,8,16000
3625,4,54,8,16500
3626,3,34,3,15000
3627,4,67,2,19900
3628,12,40,1,17000
3629,3,52,6,17000
3630,5,100,9,21000
3631,1,32,0,10500
3632,6,73,8,19400
3633,8,168,7,75000
3634,5,115,4,23571
3635,1,35,3,14500
3636,1,29,4,15000
3637,5,165,5,35000
3638,7,145,3,44000
3639,6,132,1,63000
3640,3,60,3,19500
3641,8,189,6,45894
3642,5,68,4,18500
3643,1,39,5,11000
3644,5,75,6,24000
3645,8,133,6,39000
3646,8,203,1,90000
3647,3,52,9,16500
3648,3,43,4,13000
3649,3,90,6,30000
3650,6,173,4,23500
3651,6,67,10,15000
3652,1,35,0,13000
3653,6,75,5,15000
3654,3,53,6,17000
3655,3,91,4,18000
3656,6,135,0,34999
3657,4,80,0,23999
3658,3,65,6,17000
3659,4,73,0,12500
3660,3,56,0,15000
3661,1,34,5,13000
3662,2,60,1,59000
3663,6,115,2,40000
3664,5,93,2,40000
3665,1,40,2,21000
3666,5,85,2,36000
3667,3,60,2,26000
3668,3,56,2,24000
3669,2,53,2,22000
3670,3,40,3,15000
3671,5,78,5,22000
3672,7,271,4,45000
3673,3,34,2,22000
3674,5,95,2,38000
3675,3,42,2,24000
3676,4,88,1,38000
3677,5,107,2,55000
3678,6,107,6,35000
3679,1,38,5,15000
3680,5,75,4,21000
3681,3,53,2,24000
3682,5,80,2,38000
3683,7,160,1,55000
3684,5,85,2,38000
3685,8,103,1,30000
3686,6,184,1,90000
3687,1,34,9,12000
3688,6,77,5,20000
3689,5,95,2,38000
3690,5,68,2,28000
3691,5,80,2,33000
3692,,200,0,78000
3693,3,40,2,22000
3694,,200,0,83000
3695,5,85,2,36000
3696,1,33,2,17500
3697,5,93,3,30000
3698,7,129,6,44000
3699,3,60,10,16000
3700,4,57,10,16000
3701,3,57,5,17000
3702,3,90,3,39968
3703,3,65,0,23000
3704,6,90,4,18000
3705,1,20,2,15000
3706,5,89,9,25000
3707,3,60,8,15500
3708,3,40,6,15000
3709,3,68,2,28000
3710,7,110,2,60000
3711,5,91,2,45000
3712,2,40,2,21000
3713,1,40,4,13500
3714,3,42,2,24000
3715,3,53,2,24000
3716,3,38,2,21000
3717,1,34,5,12000
3718,5,80,2,38000
3719,5,85,2,38000
3720,3,38,2,21000
3721,3,42,2,24000
3722,3,34,2,22000
3723,8,162,1,60000
3724,3,38,9,20000
3725,9,320,6,90000
3726,4,84,3,25000
3727,6,120,6,25000
3728,7,140,3,59800
3729,8,200,1,35000
3730,1,26,7,10500
3731,6,117,10,10000
3732,1,37,6,18000
3733,3,40,6,22000
3734,7,107,1,45000
3735,6,132,1,40000
3736,5,143,3,59823
3737,5,116,3,54827
3738,5,76,6,19650
3739,3,57,4,22000
3740,3,42,8,16000
3741,3,87,3,40000
3742,11,25,10,9500
3743,1,32,8,14000
3744,2,40,2,31000
3745,5,93,10,30000
3746,6,105,6,23000
3747,5,100,5,30000
3748,5,100,2,43000
3749,5,65,6,34000
3750,9,172,1,67000
3751,4,80,0,27900
3752,3,47,8,16000
3753,7,94,9,29500
3754,7,100,5,30000
3755,6,113,1,28000
3756,8,110,5,22000
3757,1,35,2,21000
3758,3,67,2,30000
3759,5,97,5,40000
3760,1,32,8,14000
3761,3,58,5,17000
3762,1,20,9,7500
3763,11,20,4,4000
3764,8,136,5,25000
3765,5,70,5,23000
3766,3,63,2,24000
3767,,200,5,83000
3768,,200,5,78000
3769,6,115,2,30000
3770,3,59,8,23500
3771,3,67,5,20000
3772,4,80,4,25000
3773,1,35,5,13000
3774,9,140,2,52500
3775,1,28,3,15000
3776,3,50,2,28000
3777,3,82,1,37000
3778,2,44,1,19000
3779,4,62,0,17000
3780,6,119,1,48000
3781,6,117,1,47000
3782,3,55,0,17000
3783,3,55,0,15500
3784,1,30,5,24500
3785,3,55,5,15900
3786,3,100,4,23263
3787,1,27,5,10500
3788,1,47,1,13000
3789,3,59,0,25000
3790,3,55,5,35000
3791,6,100,8,22000
3792,1,25,5,27500
3793,1,50,4,15790
3794,4,65,0,18900
3795,5,77,10,30000
3796,,300,6,90000
3797,5,116,8,36000
3798,4,91,2,22000
3799,5,135,1,35000
3800,3,45,0,14000
3801,10,196,5,110000
3802,5,84,5,30000
3803,2,40,6,16000
3804,7,117,5,35000
3805,3,43,2,16700
3806,3,65,9,16000
3807,3,50,5,35000
3808,5,104,6,39000
3809,1,30,5,27500
3810,7,139,4,37000
3811,5,112,1,42000
3812,5,130,2,57000
3813,1,93,9,16000
3814,1,34,6,11500
3815,7,130,6,35000
3816,5,136,10,33000
3817,10,286,5,110000
3818,5,105,9,27000
3819,6,80,2,36000
3820,3,60,2,26000
3821,3,75,2,29000
3822,3,76,2,32000
3823,3,53,6,22000
3824,5,87,2,30000
3825,3,54,2,29000
3826,3,42,2,26000
3827,3,75,2,32000
3828,3,45,2,27000
3829,8,94,4,18000
3830,1,24,5,8500
3831,1,30,5,11000
3832,2,40,2,21000
3833,,270,6,90000
3834,6,103,2,42000
3835,8,129,6,40500
3836,4,80,7,22500
3837,6,63,3,18000
3838,3,190,3,80000
3839,2,47,7,14000
3840,5,82,4,19900
3841,7,233,3,80000
3842,6,130,4,26000
3843,4,73,2,27900
3844,6,91,2,31500
3845,1,35,8,11000
3846,5,77,6,18000
3847,5,106,4,35000
3848,6,86,1,30000
3849,1,25,3,12000
3850,5,65,4,19000
3851,8,115,2,38000
3852,7,188,2,65000
3853,3,94,1,40000
3854,5,108,2,40000
3855,6,136,1,45000
3856,5,86,6,20000
3857,5,68,2,28000
3858,6,117,7,28500
3859,4,82,7,22500
3860,6,110,6,30000
3861,3,43,5,13500
3862,12,160,2,35000
3863,5,90,9,20000
3864,5,110,7,41000
3865,6,110,3,28000
3866,8,95,1,42000
3867,1,24,1,15000
3868,3,46,5,11000
3869,7,87,5,22000
3870,4,63,1,23780
3871,8,127,3,25950
3872,7,151,5,48000
3873,5,148,0,70000
3874,4,80,1,54000
3875,6,96,10,26000
3876,3,42,5,14999
3877,9,206,5,55000
3878,3,65,6,17000
3879,4,75,2,24000
3880,5,115,2,40000
3881,5,115,2,40000
3882,3,67,2,39300
3883,5,56,2,35000
3884,5,105,2,60500
3885,1,32,2,24000
3886,3,42,2,24000
3887,3,60,2,24000
3888,7,129,1,52000
3889,6,76,10,16000
3890,7,110,2,60000
3891,3,65,3,25000
3892,5,96,5,29000
3893,9,242,2,90000
3894,7,210,5,68250
3895,3,65,1,26000
3896,6,110,1,50000
3897,5,99,1,49900
3898,3,68,9,14800
3899,7,100,5,45000
3900,3,65,0,22000
3901,3,88,6,24000
3902,9,155,8,29900
3903,3,56,2,24000
3904,1,34,5,13000
3905,6,71,9,10000
3906,4,53,4,15000
3907,5,84,5,21900
3908,3,58,5,14500
3909,6,117,6,30000
3910,5,115,2,40000
3911,1,48,6,22000
3912,3,55,9,17500
3913,5,77,3,32000
3914,5,75,1,20000
3915,4,121,5,37500
3916,3,45,3,16000
3917,3,38,10,15000
3918,3,50,2,20500
3919,3,54,9,14990
3920,6,100,2,25000
3921,3,76,0,19000
3922,1,32,5,11000
3923,5,96,0,36000
3924,4.0,75.0,0.0,
3925,3,65,6,16000
3926,7,123,10,35000
3927,5,73,0,18000
3928,5,164,6,90000
3929,7,95,5,35000
3930,6,117,0,30000
3931,2,41,7,18500
3932,5,115,2,40000
3933,1,35,2,21000
3934,5,115,1,49000
3935,6,110,1,48000
3936,3,70,7,16400
3937,5,203,0,40000
3938,6,112,1,42000
3939,6,115,1,48000
3940,5,72,5,20900
3941,7,120,6,35000
3942,1,34,0,13090
3943,1,44,3,15000
3944,5,200,2,61000
3945,7,110,1,33000
3946,3,56,2,24000
3947,5,63,3,22000
3948,5,92,2,38000
3949,5,92,2,40000
3950,1,45,6,24000
3951,2,30,5,16000
3952,3,43,8,12500
3953,5,95,5,30900
3954,3,42,2,24000
3955,7,110,2,60000
3956,2,40,2,22000
3957,4,56,2,24000
3958,7,211,5,58250
3959,5,94,6,27000
3960,8,184,1,100000
3961,7,135,3,93001
3962,7,135,3,89927
3963,7,166,3,119902
3964,8,184,1,95000
3965,3,45,3,21000
3966,4,80,6,26000
3967,6,120,1,35000
3968,7,93,10,31500
3969,4,63,1,20790
3970,4,69,2,18000
3971,8,146,0,58000
3972,7,135,3,89927
3973,7,139,3,119902
3974,7,110,2,60000
3975,1,33,10,12250
3976,8,146,2,58000
3977,5,90,6,34000
3978,9,134,5,50000
3979,6,220,1,95000
3980,3,65,2,22000
3981,7,160,2,69000
3982,4,60,9,11500
3983,7,110,2,60000
3984,9,111,5,24000
3985,7,110,0,60000
3986,4,63,0,23780
3987,11,18,8,11000
3988,3,50,0,17000
3989,3,50,7,25000
3990,3,80,1,32500
3991,5,94,2,38700
3992,1,25,1,15500
3993,4,63,1,20790
3994,6,100,4,17900
3995,5,130,5,35000
3996,3,66,1,24000
3997,3,65,6,22000
3998,7,152,6,48000
3999,5,84,3,30000
4000,3,59,6,21500
4001,3,61,5,19000
4002,1,44,4,13500
4003,6,99,5,27000
4004,5,80,5,25000
4005,3,54,10,16000
4006,1,32,5,10500
4007,2,40,7,13000
4008,3,47,5,27000
4009,5,94,2,38700
4010,1,41,4,14002
4011,5,103,2,32000
4012,3,72,4,23000
4013,6,130,0,40000
4014,1,41,4,14900
4015,7,142,3,119902
4016,3,90,3,39968
4017,1,22,10,11500
4018,2,40,7,13000
4019,5,78,1,26000
4020,3,50,5,15000
4021,7,251,10,59000
4022,6,144,2,58000
4023,3,53,5,15500
4024,4,70,7,20000
4025,1,35,2,22000
4026,3,60,5,18900
4027,1,35,5,12500
4028,3,41,8,23000
4029,5,117,1,34000
4030,5,71,5,28000
4031,5,87,7,21000
4032,3,46,0,17000
4033,5,95,1,39000
4034,1,30,8,15000
4035,7,93,8,27000
4036,5,145,5,30000
4037,1,29,3,13900
4038,1,22,3,12900
4039,1,29,3,13900
4040,3,89,3,39968
4041,1,28,3,13900
4042,4,50,0,15000
4043,4,54,10,14500
4044,1,40,0,14000
4045,4,63,1,23780
4046,5,110,0,25000
4047,5,128,0,53000
4048,5,69,0,31000
4049,4,86,1,37000
4050,1,27,4,10000
4051,7,124,1,56000
4052,7,154,8,44000
4053,8,203,1,90000
4054,4,51,4,12500
4055,4,70,3,17000
4056,9,225,6,70000
4057,10,188,6,60000
4058,5,152,1,45000
4059,7,142,3,119902
4060,6,137,1,100000
4061,5,224,9,25000
4062,4,63,1,23780
4063,6,110,1,42980
4064,4,63,1,23780
4065,6,110,1,42980
4066,4,63,1,23780
4067,3,58,0,25000
4068,7,116,10,45000
4069,3,42,0,12500
4070,5,78,2,33000
4071,5,76,5,28000
4072,7,93,5,36000
4073,4,63,1,20790
4074,3,110,9,18000
4075,7,104,5,35000
4076,3,55,8,16000
4077,3,53,2,31000
4078,5,107,5,23500
4079,3,63,6,23000
4080,1,36,10,13500
4081,5,102,1,72600
4082,6,107,1,45000
4083,5,128,1,55000
4084,4,92,2,25900
4085,5,92,6,20000
4086,11,20,9,6000
4087,4,68,1,19000
4088,6,170,1,45000
4089,6,100,2,50000
4090,5,120,5,49000
4091,7,98,5,48000
4092,7,178,4,43000
4093,,200,5,83000
4094,5,153,3,64800
4095,7,135,3,89891
4096,4,80,4,24000
4097,,200,5,78000
4098,,200,5,83000
4099,4,68,1,24000
4100,,200,5,83000
4101,,200,5,78000
4102,3,73,2,24000
4103,3,60,8,17500
4104,2,35,1,15000
4105,3,77,3,20000
4106,3,60,6,30000
4107,7,142,6,59000
4108,5,138,5,32000
4109,12,225,5,37000
4110,6,113,1,37000
4111,3,63,6,18980
4112,3,66,9,17000
4113,4,70,9,13000
4114,6,132,1,62000
4115,1,63,9,13500
4116,6,100,6,35000
4117,3,62,8,25000
4118,1,32,5,20496
4119,3,78,6,22000
4120,1,50,1,22000
4121,7,139,0,35000
4122,3,67,8,24000
4123,2,32,0,15000
4124,5,116,3,54827
4125,5,110,8,41000
4126,4,74,2,27900
4127,4,86,2,24000
4128,3,72,2,33000
4129,5,116,3,54827
4130,1,27,5,10500
4131,6,104,1,48000
4132,6,120,1,99918
4133,5.0,112.0,1.0,
4134,3,50,0,22700
4135,5,112,3,54827
4136,1,35,2,35000
4137,3,60,5,18000
4138,4,120,3,34000
4139,3,45,2,24000
4140,3,50,10,20000
4141,6,105,5,23000
4142,3,60,3,27500
4143,3,80,1,32500
4144,5,76,9,18500
4145,5,67,0,19900
4146,6,138,1,57000
4147,5,64,1,31000
4148,6,120,1,41000
4149,3,62,0,21000
4150,3,64,0,18500
4151,5,147,3,59823
4152,3,51,0,17000
4153,3,50,10,14000
4154,7,112,5,45000
4155,5,84,7,29000
4156,3,51,0,16000
4157,1,40,10,31000
4158,1,35,2,30000
4159,8,127,2,58000
4160,7,166,3,119800
4161,3,55,8,23000
4162,3,61,8,25000
4163,7,94,9,30000
4164,3,87,3,40000
4165,3,71,9,13950
4166,3,66,5,16000
4167,2,39,8,10500
4168,1,27,10,12000
4169,7,146,6,49000
4170,4,68,4,18500
4171,7,107,1,45000
4172,7,167,5,45000
4173,5,93,7,30000
4174,3,50,3,18000
4175,8,136,5,29000
4176,5,126,2,44500
4177,3,42,5,13500
4178,7,159,1,55000
4179,5,106,10,39000
4180,,273,6,140000
4181,6,83,5,17500
4182,12,216,3,50000
4183,5,170,1,45000
4184,3,62,0,20800
4185,3,75,1,35000
4186,7,120,6,49000
4187,8,140,1,49500
4188,12,126,7,41000
4189,5,106,2,55000
4190,5,91,2,45000
4191,5,105,5,29000
4192,5,94,2,45000
4193,4,50,8,12000
4194,5,105,6,39000
4195,4,49,1,21500
4196,4,76,5,29000
4197,10,200,4,55000
4198,3,60,10,18000
4199,5,105,10,40000
4200,5,128,1,55000
4201,3,46,3,15000
4202,4,70,1,55000
4203,6,154,1,59000
4204,5,121,2,40000
4205,3,42,5,28500
4206,5,115,2,40000
4207,1,32,6,9000
4208,4,62,5,17000
4209,,225,5,70000
4210,10,225,5,65000
4211,3,75,2,32000
4212,6,189,1,59000
4213,2,45,0,6900
4214,3,54,2,27000
4215,3,53,2,27000
4216,6,95,5,42000
4217,5,128,1,55000
4218,7,205,7,77000
4219,5,69,1,31000
4220,8,140,1,65000
4221,5,140,2,35000
4222,5,104,6,39000
4223,9,170,2,65000
4224,3,90,3,39968
4225,1,60,9,19000
4226,1,92,6,22000
4227,4,56,3,25000
4228,7,87,5,39000
4229,8,124,1,81984
4230,6,144,2,57000
4231,4,77,1,38000
4232,4,90,1,45000
4233,4,75,2,29000
4234,6,94,5,42000
4235,6,143,3,45000
4236,6,100,6,35000
4237,3,92,1,47000
4238,6,108,2,40000
4239,6,65,3,15000
4240,5,140,1,75000
4241,4,62,4,16000
4242,12,234,1,62000
4243,7,119,5,45000
4244,5,86,8,29000
4245,5,105,10,40000
4246,5,120,1,35000
4247,6,77,4,26000
4248,5,105,10,40000
4249,5,128,0,55000
4250,6,105,1,50000
4251,1,35,2,21000
4252,5,77,6,25000
4253,5,85,2,38000
4254,2,43,3,25000
4255,7,149,6,90000
4256,7,165,3,119902
4257,4,72,2,25500
4258,5,107,8,26000
4259,6,103,1,42000
4260,5,145,7,48000
4261,6,134,5,42000
4262,8,183,2,150000
4263,5,79,5,23500
4264,1,30,0,13000
4265,7,262,10,68000
4266,4,69,6,14900
4267,5,105,10,35000
4268,1,35,1,20500
4269,5,120,2,32000
4270,7,125,2,31000
4271,2,40,2,21000
4272,3,117,5,33000
4273,3,95,2,41000
4274,10,175,6,65000
4275,8,127,2,60000
4276,7,174,3,139800
4277,4,60,1,20000
4278,3,51,10,15300
4279,6,106,7,38000
4280,5,93,7,24000
4281,5,106,7,38000
4282,10,220,1,95000
4283,7,188,2,55000
4284,4,75,2,24900
4285,6,87,2,30000
4286,8,181,5,54000
4287,6,130,8,25000
4288,6,73,1,36400
4289,3,65,2,50000
4290,5,75,1,37000
4291,6,80,1,45000
4292,5,64,1,31000
4293,6,136,10,33000
4294,3,92,1,47000
4295,5,120,1,49000
4296,8,181,5,54000
4297,5,122,2,35000
4298,4,112,1,47000
4299,4,94,1,40000
4300,8,170,1,78000
4301,8,145,1,65000
4302,5,114,2,50000
4303,3,50,5,31500
4304,1,34,4,15000
4305,1,49,6,11500
4306,6,100,6,35000
4307,5,127,5,35000
4308,3,92,1,47000
4309,5,65,1,31000
4310,6,87,1,28000
4311,3.0,43.0,10.0,
4312,5,102,1,52000
4313,3,62,6,35000
4314,5,85,2,36000
4315,2,40,2,21000
4316,1,33,0,20000
4317,3,50,8,22000
4318,1,30,10,15000
4319,5,63,2,36000
4320,9,170,2,65000
4321,5,109,4,23500
4322,6,73,1,36400
4323,4,42,2,19324
4324,3,60,2,33000
4325,4,57,2,20500
4326,1,48,10,20000
4327,4,75,2,32000
4328,3,56,1,19000
4329,3,50,5,35000
4330,7,160,1,55000
4331,1,39,3,23000
4332,6,95,2,3325000
4333,5,152,6,30000
4334,5,95,3,64800
4335,4,60,2,25900
4336,3,62,5,18500
4337,3,80,6,27000
4338,3,112,5,55000
4339,6,104,1,52000
4340,11,20,10,9000
4341,8,125,1,45000
4342,6,85,2,38000
4343,3,57,0,35000
4344,5,85,2,38000
4345,6,99,2,49800
4346,4,77,5,21000
4347,3,45,2,27000
4348,4,94,1,40000
4349,5,93,2,40000
4350,5,85,2,36000
4351,3,56,8,16000
4352,7,440,5,140000
4353,5,98,1,55000
4354,3,42,2,26000
4355,3,38,2,21000
4356,6,107,1,45000
4357,3,51,8,15500
4358,5,86,4,8400000
4359,5,94,2,46450
4360,5,92,2,46450
4361,5,107,2,52000
4362,5,107,2,55000
4363,1,43,2,18000
4364,3,68,5,18500
4365,5,87,2,38000
4366,4,76,1,41500
4367,3,68,2,25000
4368,3,49,7,32000
4369,5,120,8,33000
4370,6,87,2,30000
4371,5,138,1,50000
4372,6,87,2,30000
4373,3,70,2,26000
4374,1,35,1,20500
4375,10,139,8,48000
4376,4,79,0,18000
4377,3,43,6,15000
4378,4,98,2,16000
4379,6,76,4,15500
4380,5,95,1,28000
4381,4,68,4,20500
4382,3,54,10,23000
4383,3,50,5,35000
4384,3,48,2,24000
4385,4,73,2,25500
4386,5,69,1,31000
4387,3,50,8,23500
4388,3,47,2,30600
4389,6,73,7,20000
4390,3,50,8,22700
4391,3,82,1,37000
4392,10,220,1,95000
4393,1,37,0,12800
4394,5,104,6,39000
4395,6,103,2,42000
4396,10,185,2,150000
4397,6,80,0,11800
4398,10,275,6,55000
4399,8,184,1,95000
4400,1,45,5,17500
4401,1,46,5,17500
4402,3,60,8,22500
4403,3,50,5,35000
4404,3,38,2,21000
4405,7,136,3,93001
4406,8,181,5,54000
4407,3,77,1,41500
4408,1,30,5,27500
4409,12,104,6,39000
4410,7,107,0,45000
4411,3,50,3,22000
4412,3,47,3,18500
4413,5.0,173.0,5.0,
4414,5,97,1,35000
4415,3,48,3,18000
4416,7,96,7,27000
4417,3,59,4,35000
4418,3,89,3,39968
4419,5,116,2,32000
4420,10,220,1,95000
4421,3,66,1,30000
4422,7,135,3,93001
4423,3,48,8,22700
4424,6,90,1,30000
4425,8,146,2,58000
4426,3,57,8,22700
4427,3,60,8,29900
4428,3,60,6,20000
4429,6,114,2,40000
4430,6,100,5,42000
4431,4,57,8,19000
4432,5,94,2,35000
4433,3,45,0,22000
4434,3,43,1,30000
4435,3,51,3,20000
4436,7,144,2,58000
4437,1,44,5,17500
4438,3,47,6,23000
4439,3,49,6,23000
4440,4,55,5,28000
4441,1,31,5,18000
4442,5,70,5,31000
4443,3,43,5,24000
4444,4,55,5,28000
4445,1,42,5,22000
4446,5,90,5,35000
4447,3,63,5,25000
4448,4,57,5,26000
4449,3,32,5,20000
4450,3,45,1,25000
4451,4,77,2,29000
4452,3,43,2,19000
4453,6,205,6,32000
4454,1,40,3,16000
4455,1,35,2,21000
4456,5,103,1,50000
4457,6,113,6,45000
4458,1,35,2,21000
4459,5,80,2,36000
4460,12,205,6,31000
4461,,208,2,85000
4462,5,126,4,45000
4463,8,170,1,78000
4464,3,53,9,13500
4465,4,110,1,44000
4466,3,50,2,28000
4467,8,117,1,99000
4468,6,85,4,19000
4469,10,235,5,110000
4470,6,115,1,52000
4471,5,73,1,36400
4472,3,54,0,19000
4473,3,40,0,18000
4474,1,29,5,25000
4475,6,106,1,45000
4476,5,71,1,60000
4477,,550,2,500000
4478,1,40,2,21000
4479,4,92,1,45000
4480,1,35,0,21000
4481,5,67,6,24000
4482,6,132,1,62000
4483,6,132,1,62000
4484,5,81,10,23000
4485,6,143,3,45000
4486,10,189,1,99000
4487,3,118,10,22900
4488,6,104,1,53000
4489,3,75,2,32000
4490,1,46,6,15000
4491,7,107,1,45000
4492,4,121,5,45000
4493,6,94,1,24000
4494,2,30,8,12000
4495,4,86,2,26000
4496,6,100,2,35000
4497,2,34,2,22000
4498,2,40,2,21000
4499,3,112,5,55000
4500,3,55,10,19000
4501,3,38,2,19800
4502,5,82,6,29000
4503,3,38,2,19800
4504,4,117,4,38900
4505,5,104,6,39000
4506,,208,2,85000
4507,9,222,6,72000
4508,7,155,1,50000
4509,8,170,1,78000
4510,8,181,5,52000
4511,3,59,4,15000
4512,1,31,5,27500
4513,1,30,5,27500
4514,5,72,2,35000
4515,3,72,1,29000
4516,2,45,9,11000
4517,6,102,1,53000
4518,5,69,1,31000
4519,3,72,2,29000
4520,3,34,2,22000
4521,2,40,2,21000
4522,6,100,2,40000
4523,3,54,2,27000
4524,8,104,2,31000
4525,1,50,8,17700
4526,5,104,6,39000
4527,4,85,6,28000
4528,3,229,5,55000
4529,5,69,1,31000
4530,4,69,0,31000
4531,3,49,2,27000
4532,3,68,2,29000
4533,6,104,1,52000
4534,4,75,2,29000
4535,5,92,2,38000
4536,1,35,2,21000
4537,6,115,1,52000
4538,1,35,2,21000
4539,5,85,2,36000
4540,10,201,1,90000
4541,6,173,1,85000
4542,6,103,2,42000
4543,2,31,0,9500
4544,11,13,0,7500
4545,8,181,5,54000
4546,7,152,2,71000
4547,7,148,2,71000
4548,9,222,6,72000
4549,,236,4,70000
4550,4,65,8,15980
4551,7,150,3,59500
4552,6,100,2,40000
4553,5,125,2,44500
4554,3,59,2,26000
4555,3,70,2,25000
4556,5,118,1,51240
4557,7,118,5,35000
4558,5,160,1,65000
4559,8,129,6,41000
4560,7,92,4,26000
4561,5,140,1,75000
4562,4,80,1,44000
4563,8,178,1,45000
4564,6,92,2,38000
4565,5,111,0,53000
4566,3,67,1,35000
4567,5,153,3,59823
4568,8,180,2,150000
4569,8,180,2,120000
4570,9,263,8,59000
4571,3,98,1,29000
4572,5,145,7,48000
4573,7,98,1,65000
4574,10,184,1,95000
4575,6,103,2,39000
4576,5,104,5,32000
4577,5,93,2,40000
4578,3,78,0,24000
4579,3,42,2,21000
4580,5,80,2,36000
4581,8,184,1,100000
4582,5,64,1,31000
4583,7,106,1,45000
4584,5,103,5,35000
4585,6,135,2,38000
4586,5,76,5,40000
4587,7,142,3,119902
4588,7,170,3,119902
4589,8,164,4,59999
4590,1,30,5,27500
4591,1,30,5,27500
4592,1,30,5,27500
4593,5,64,1,31000
4594,3,94,2,35000
4595,5,103,1,52000
4596,3,90,3,39968
4597,3,55,0,23000
4598,4,88,1,38000
4599,1,35,2,21000
4600,7,137,3,89927
4601,6,80,2,26000
4602,6,110,1,54500
4603,5,102,2,32000
4604,5,149,1,65000
4605,10,197,1,100000
4606,7,440,5,140000
4607,5,104,1,48000
4608,5,124,1,53000
4609,6,85,2,38000
4610,5,130,1,59000
4611,7,107,1,45000
4612,2,39,5,27500
4613,1,20,9,8000
4614,1,35,2,19000
4615,1,35,2,21000
4616,1,35,2,21000
4617,,208,2,85000
4618,12,219,1,99000
4619,3,60,2,57700
4620,10,197,1,100000
4621,4,55,5,35000
4622,6,84,1,25990
4623,5.0,178.0,1.0,
4624,5,100,2,45000
4625,3,60,2,35000
4626,1,31,5,27500
4627,1,30,5,20000
4628,4,94,1,40000
4629,3,43,2,66612
